date,PM2.5,PM10,SO2,NO2,CO,O3,TEMP,PRES,DEWP,RAIN,WSPM,month,season
2013-03-01,7.326388888888889,12.203125,9.182291666666666,18.824652777777775,404.8611111111111,78.77083333333333,1.1739583333333334,1026.5697916666666,-20.14861111111111,0.0,2.9177083333333336,3,Spring
2013-03-02,31.475694444444443,40.50694444444444,31.757877777777775,56.303762847222224,939.7152777777778,59.322916666666664,0.2604166666666667,1026.5527777777777,-16.271875,0.0,1.145138888888889,3,Spring
2013-03-03,79.29166666666667,111.10416666666667,49.286458333333336,75.66145833333333,1771.142361111111,51.270833333333336,5.257291666666666,1014.2152777777778,-12.325347222222222,0.0,1.4631944444444445,3,Spring
2013-03-04,21.768568840579707,40.359375,18.818691666666666,40.877150694444445,726.3402777777778,79.59375,9.610763888888888,1017.2631944444446,-12.77326388888889,0.0,2.2270833333333333,3,Spring
2013-03-05,125.35295893719807,159.23611111111111,70.75694444444444,103.33767361111113,2021.4340277777776,90.66666666666667,6.6305555555555555,1010.5513888888889,-7.9163194444444445,0.0,0.9920138888888889,3,Spring
2013-03-06,203.78819444444443,231.38888888888889,100.43913611111111,128.38768645833332,2820.671875,61.697916666666664,7.293055555555555,1007.1465277777778,-4.805208333333334,0.0,1.0725694444444445,3,Spring
2013-03-07,241.02083333333334,279.43402777777777,83.67534722222221,140.2777777777778,3762.1597222222226,81.72916666666667,9.114236111111111,1001.9756944444443,-2.6329861111111112,0.0,1.2364583333333332,3,Spring
2013-03-08,201.43229166666666,247.27083333333334,59.80470555555556,113.38978263888889,3049.585069444444,99.58333333333333,10.046875,999.1065972222223,-2.046527777777778,0.0,1.809375,3,Spring
2013-03-09,60.32228535353536,239.1407828282828,30.452109057971015,44.1741681763285,1144.7490942028985,95.20833333333333,7.0718749999999995,1004.0555555555555,-11.176041666666668,0.0,3.5586805555555556,3,Spring
2013-03-10,37.00583964646464,65.4894255050505,22.268115942028984,47.0655193236715,769.525211352657,91.0,5.686458333333333,1020.1572916666668,-14.454513888888888,0.0,2.254861111111111,3,Spring
2013-03-11,122.84375,160.10763888888889,84.35763888888889,83.01388888888889,1622.5208333333333,89.48958333333333,5.981944444444444,1013.365625,-7.462847222222222,0.0,1.4118055555555555,3,Spring
2013-03-12,126.2951388888889,123.78472222222221,30.597222222222218,80.51736111111111,1758.9739583333333,57.375,4.9586805555555555,1008.567361111111,0.6204861111111111,0.14895833333333328,1.1847222222222222,3,Spring
2013-03-13,17.20138888888889,21.277777777777775,13.243055555555555,34.5625,506.7673611111111,83.41666666666667,4.431597222222222,1022.3104166666667,-11.578125,0.0,2.1600694444444444,3,Spring
2013-03-14,96.9236111111111,106.80902777777777,50.15277777777778,72.97916666666667,1430.0347222222224,83.5,3.6746527777777778,1021.1732638888889,-4.409375,0.0,1.7319444444444443,3,Spring
2013-03-15,205.0208333333333,223.27430555555554,68.0625,103.89583333333333,2184.421875,65.375,5.8374999999999995,1014.1614583333334,-1.4989583333333334,0.0,1.1090277777777777,3,Spring
2013-03-16,238.13194444444443,234.29513888888889,64.65972222222221,94.98958333333333,2330.269097222222,103.08333333333333,9.349305555555556,1016.4364583333332,0.08749999999999998,0.0,1.6520833333333333,3,Spring
2013-03-17,284.1875,290.5625,68.02083333333333,113.24305555555556,2554.0713897255687,104.45833333333333,9.702083333333334,1001.6107638888889,2.38125,0.0,1.1107638888888889,3,Spring
2013-03-18,69.46875,98.0625,13.739583333333334,39.18055555555555,911.5693607764391,104.92708333333333,8.2625,1000.8982638888889,-10.37013888888889,0.00104166666666665,3.6121527777777778,3,Spring
2013-03-19,36.51736111111111,36.74999999999999,9.072916666666666,41.26736111111111,809.4133617804551,52.8614375,1.8600694444444443,1008.6409722222223,-1.4972222222222225,0.3079861111111111,1.835416666666667,3,Spring
2013-03-20,46.833333333333336,43.90277777777777,10.895833333333334,38.232638888888886,890.3642904953145,67.59375,1.4909722222222221,1016.8503472222222,-3.7274305555555554,0.2788194444444444,1.7961805555555557,3,Spring
2013-03-21,134.32638888888889,142.86111111111111,23.78125,72.57118055555556,1363.0208333333333,44.916666666666664,3.7826388888888887,1004.6003472222222,-2.323611111111111,0.0,1.4625000000000001,3,Spring
2013-03-22,76.0763888888889,117.1388888888889,21.493055555555554,51.881944444444436,863.8680555555555,73.47916666666667,6.462847222222223,1011.2819444444444,-6.2131944444444445,0.0,2.4364583333333334,3,Spring
2013-03-23,50.270833333333336,77.21527777777779,25.805555555555554,48.90277777777777,1080.4583333333333,72.0,4.540277777777778,1008.3097222222223,-7.322916666666667,0.0,2.6538194444444443,3,Spring
2013-03-24,17.121527777777775,29.92361111111111,9.190972222222223,29.228395061728392,484.8958333333333,83.53424791666667,4.777430555555555,1015.9409722222222,-14.228125,0.0,2.2246527777777776,3,Spring
2013-03-25,98.06597222222223,126.0,40.008836111111115,69.57305459104938,1181.3333333333333,71.85863541666667,5.0420138888888895,1015.0177083333333,-6.852083333333333,0.0,1.71875,3,Spring
2013-03-26,178.85763888888889,214.88715277777774,57.18055555555555,82.76388888888889,1712.2430555555557,51.226108333333336,7.195833333333333,1007.2197916666668,-1.9170138888888888,0.0,1.4638888888888888,3,Spring
2013-03-27,93.57291666666667,119.24131944444444,16.897569444444443,42.239583333333336,990.3819444444443,92.36047291666667,10.803472222222224,1004.803125,-5.216319444444444,0.0,2.766666666666666,3,Spring
2013-03-28,24.006944444444443,44.51215277777777,7.705175,32.59492465277778,534.5416666666666,90.38110632183907,7.90625,1015.0590277777778,-12.497222222222222,0.0,2.184027777777778,3,Spring
2013-03-29,73.29861111111111,111.50520833333333,31.155944444444444,65.12984131944445,1370.3159722222224,66.04956896551724,5.952083333333333,1015.9052083333332,-6.933680555555555,0.0,1.806597222222222,3,Spring
2013-03-30,77.66319444444444,105.86458333333333,52.704861111111114,55.00347222222222,1606.0347222222224,84.76227183908047,6.232986111111111,1016.4288194444443,-3.8208333333333333,0.0,1.9388888888888889,3,Spring
2013-03-31,166.26041666666666,183.63541666666666,19.270833333333332,63.888888888888886,1351.7291666666667,57.90122126436782,5.369097222222222,1012.7798611111111,2.185763888888889,0.0,1.5413194444444445,3,Spring
2013-04-01,101.17708333333333,123.5,24.216247222222222,44.294495833333336,1353.8524305555554,95.66382575757575,10.494444444444445,1011.2715277777778,-4.939236111111112,0.0,2.9010416666666665,4,Spring
2013-04-02,93.25694444444444,125.4861111111111,33.201388888888886,58.93923611111111,1254.189236111111,118.63541666666667,10.35625,1010.9878472222222,-3.6732638888888887,0.0,1.757986111111111,4,Spring
2013-04-03,121.8923611111111,190.81944444444443,38.6875,73.13020833333333,1454.4965277777776,120.56133541666667,11.825694444444444,1006.2916666666666,-1.3177083333333333,0.0,2.0170138888888887,4,Spring
2013-04-04,63.614583333333336,93.87152777777777,44.57986111111111,67.93055555555556,1993.6493055555554,71.13425208333334,7.885416666666667,1008.6628472222222,-0.68125,0.3298611111111111,1.4788194444444445,4,Spring
2013-04-05,56.545138888888886,48.81597222222222,10.618055555555555,36.90798611111111,1164.9340277777778,80.09375,8.595833333333333,1012.6833333333334,-1.4604166666666665,0.08090277777777773,2.7003472222222222,4,Spring
2013-04-06,12.260416666666666,22.196180555555554,6.222222222222222,30.549045138888886,453.8159722222222,90.93857916666667,8.654861111111112,1010.404513888889,-8.917708333333334,0.0,2.027083333333333,4,Spring
2013-04-07,76.96875,113.2951388888889,34.95486111111111,64.88151041666667,1231.9965277777778,71.57459791666666,8.858680555555555,1001.9729166666667,-2.040625,0.0013888888888888666,1.8621527777777775,4,Spring
2013-04-08,27.326388888888886,107.01041666666667,5.527777777777778,19.71660539215686,379.6875,127.06465473484847,8.986111111111112,1006.5621527777777,-12.103819444444445,0.0,5.375694444444445,4,Spring
2013-04-09,12.579861111111112,28.680555555555557,4.479166666666667,15.220894607843137,345.8333333333333,136.13735662878787,8.067361111111111,1014.0107638888888,-10.213194444444445,0.0,4.0093749999999995,4,Spring
2013-04-10,13.333333333333334,25.90625,4.9945055555555555,27.93117951388889,426.06646825396825,89.37203749999999,7.8368055555555545,1013.4913194444443,-10.030208333333333,0.0,2.8920138888888887,4,Spring
2013-04-11,19.215277777777775,43.50868055555555,7.253894444444445,49.13160138888889,619.233878968254,96.86079374999998,10.05,1012.2520833333333,-10.527430555555556,0.0,2.205208333333333,4,Spring
2013-04-12,55.694444444444436,105.86458333333333,19.591641666666664,70.54708125,843.8923611111112,79.23769791666666,14.416666666666666,1006.3187499999999,-4.569097222222223,0.0,1.6972222222222222,4,Spring
2013-04-13,59.770833333333336,111.69444444444446,18.528730555555555,48.78170486111111,737.6319444444445,90.57177708333334,17.119444444444444,998.6072916666667,-1.23125,0.0,3.107638888888889,4,Spring
2013-04-14,39.96527777777778,89.82291666666667,12.256936111111111,38.193866071428566,530.7222222222223,99.875,12.203472222222222,1004.0875,-6.332986111111111,0.0,2.225,4,Spring
2013-04-15,78.84201388888889,151.14236111111111,43.90766111111111,63.94001066468254,1353.8177083333333,108.1044,12.486458333333331,997.3111111111111,-0.04548611111111117,0.0,2.076041666666667,4,Spring
2013-04-16,61.395833333333336,129.32986111111111,27.353380555555557,41.355614930555554,956.3541666666666,106.81770833333333,14.262500000000001,1000.7715277777778,-0.6552083333333333,0.0,2.3375,4,Spring
2013-04-17,49.890625,75.01736111111111,17.73263888888889,38.986101041666664,691.3194444444445,98.7109375,11.99201388888889,1005.5749999999999,-2.470486111111111,0.0,2.281597222222222,4,Spring
2013-04-18,9.822916666666666,32.39409722222222,3.8189138888888885,17.568468055555556,280.08432539682536,95.06661041666666,10.830555555555556,1016.7020833333335,-13.576388888888891,0.0,2.6805555555555554,4,Spring
2013-04-19,44.68055555555555,73.91319444444444,16.73156388888889,39.15762118055555,737.9608134920635,78.22916666666667,6.544444444444444,1018.2125,-2.1659722222222224,0.007291666666666659,2.492013888888889,4,Spring
2013-04-20,72.70833333333333,77.98958333333333,9.991319444444445,43.631944444444436,737.1527777777778,112.94791666666667,9.144444444444444,1014.8579861111111,-0.12326388888888894,0.0,1.820833333333333,4,Spring
2013-04-21,119.28819444444444,141.38541666666666,27.557213888888885,58.968155208333336,1046.3090277777778,97.40706041666665,12.010069444444445,1011.9524305555556,2.2729166666666667,0.0,1.9763888888888888,4,Spring
2013-04-22,158.80208333333334,172.7222222222222,43.91908333333333,60.281596875,1205.267361111111,76.92154166666667,12.38298611111111,1007.9579861111112,5.437152777777778,0.0,1.6645833333333335,4,Spring
2013-04-23,181.35590277777774,179.8767361111111,23.51386111111111,63.51252291666666,1294.6909722222222,38.15625,11.802430555555555,1005.2736111111111,7.420833333333333,0.009374999999999982,1.4326388888888888,4,Spring
2013-04-24,83.1111111111111,98.76909722222223,8.652275000000001,43.93676827651515,972.3159722222223,82.6875,15.361805555555556,1004.6690972222223,1.0256944444444445,0.0,2.5336805555555553,4,Spring
2013-04-25,13.256944444444445,36.24652777777778,4.596972222222223,31.984718008207068,409.8888888888889,93.05208333333333,15.795833333333333,1006.928125,-6.2444444444444445,0.0,2.611111111111111,4,Spring
2013-04-26,61.614583333333336,118.32291666666667,26.590277777777775,62.326388888888886,880.5138888888888,127.22916666666667,16.683333333333334,1003.9753472222222,-0.5600694444444445,0.0,1.6027777777777779,4,Spring
2013-04-27,62.05555555555555,114.89583333333333,38.54838055555555,52.31632326388888,1003.2690972222222,157.38197916666667,18.046875,1004.7347222222221,1.5260416666666667,0.0,1.703125,4,Spring
2013-04-28,75.30208333333333,116.20833333333333,51.184661111111105,54.841187847222216,1678.0416666666667,144.03925833333332,16.336111111111112,1004.2361111111112,2.7642361111111113,0.0,1.611111111111111,4,Spring
2013-04-29,17.79513888888889,68.3125,4.762377777777778,29.49988680555555,355.2013888888889,105.65525416666667,21.290972222222223,1005.8003472222222,-6.21875,0.0,2.8406249999999997,4,Spring
2013-04-30,22.696180555555554,60.94704861111111,6.6326058201058204,35.778020025839794,411.0874515503876,110.4375,21.07986111111111,1007.792013888889,-6.459027777777778,0.0,2.078125,4,Spring
2013-05-01,39.34444444444444,87.48854166666666,15.910218253968253,38.416828165374675,610.3722545219638,127.61164010840109,17.557291666666668,1008.978125,0.46388888888888896,0.0,1.6902777777777775,5,Spring
2013-05-02,77.46111111111111,122.51753472222224,40.02211481481481,50.850452503229974,1039.7833494832041,147.71656388888889,19.008680555555554,1005.9718750000001,3.4635416666666665,0.0,2.1263888888888887,5,Spring
2013-05-03,63.326388888888886,80.43055555555556,21.857638888888886,31.381944444444443,816.640625,158.05208333333334,18.11909722222222,1010.6722222222221,6.013194444444444,0.00104166666666665,2.053472222222222,5,Spring
2013-05-04,94.58680555555556,123.7638888888889,23.89729444444444,38.53221666666666,780.0347222222222,159.52403125,19.01423611111111,1010.3510416666668,6.9593750000000005,0.0,1.9128472222222221,5,Spring
2013-05-05,171.78125,220.50694444444443,44.670138888888886,65.14236111111111,1361.5885416666667,208.94791666666666,20.712152777777778,1010.1222222222223,10.750347222222222,0.0,1.3208333333333333,5,Spring
2013-05-06,213.08690523657629,250.8369384635832,33.719444177350425,56.725607188167736,1572.6143540356395,232.16751568509616,23.186458333333334,1008.1788194444445,12.180208333333333,0.0,1.4267361111111112,5,Spring
2013-05-07,155.0233918128655,211.76845760233917,44.49137831196581,69.35071131810898,1352.880503144654,239.92772561097755,23.442708333333332,1008.7329861111111,11.802430555555555,0.0,1.4267361111111112,5,Spring
2013-05-08,142.07114732854865,174.02541866028707,56.879850427350426,60.19451035657051,1517.1777618673257,206.44415164262819,20.518402777777776,1007.7545138888889,11.294097222222222,0.009374999999999975,1.6815972222222222,5,Spring
2013-05-09,54.52515284423179,78.1469630515683,16.92341143162393,47.8345038394765,633.7661912249176,99.10338633814104,17.585763888888888,1003.5590277777778,11.269097222222223,0.0,1.3395833333333333,5,Spring
2013-05-10,47.42533891547049,98.11572966507178,13.76341549145299,42.717577877938034,557.1311582809225,112.00017728365384,21.51597222222222,995.4701388888889,2.759027777777778,0.0,2.428125,5,Spring
2013-05-11,43.838566007381026,123.46321074885947,16.95465566239316,53.87190766078439,511.75051284131473,105.36673177083333,23.744791666666668,989.4635416666666,-0.34722222222222215,0.0,2.145138888888889,5,Spring
2013-05-12,43.79660899076444,115.64362141921048,19.220531944444442,48.77862886680705,569.9638477456873,127.23530500801282,22.451388888888886,994.0232638888889,-1.6315972222222221,0.0,1.4836805555555557,5,Spring
2013-05-13,85.24508317569823,180.4210120637217,57.78074711538461,65.91301355921412,1482.4501004542278,145.8331782451923,21.47673611111111,996.2711805555556,4.968055555555556,0.0,1.4489583333333333,5,Spring
2013-05-14,54.536499867091976,123.05329611908559,18.301478952991452,43.23740458733974,709.4361050035127,127.45375356570513,24.04513888888889,1001.9336805555555,2.7069444444444444,0.0,2.1770833333333335,5,Spring
2013-05-15,62.53811137692716,147.75799109516217,44.964293429487185,53.43160332198183,1189.1294512615268,180.94889583333335,22.333680555555556,1009.9506944444444,6.338541666666667,0.0,1.6510416666666667,5,Spring
2013-05-16,60.23437499999999,113.9548611111111,25.423561111111113,48.05684479166666,960.7598629700046,178.15432291666664,21.242361111111112,1010.5145833333332,9.66388888888889,0.0,1.640625,5,Spring
2013-05-17,112.27430555555554,145.09722222222223,30.461805555555554,51.96527777777777,1170.5554007580774,156.52443125,20.76111111111111,1005.5256944444444,12.346527777777778,0.0,1.5298611111111111,5,Spring
2013-05-18,124.92708333333333,151.89930555555557,24.589474999999997,45.99627222222222,1183.3931672354825,142.0978125,20.885069444444444,1000.0947916666668,14.022569444444445,0.0,2.107986111111111,5,Spring
2013-05-19,55.03472222222222,150.28472222222223,8.965277777777777,29.822916666666668,726.7594722584557,121.62124583333333,20.52673611111111,994.5659722222222,3.581597222222222,0.0,3.1364583333333336,5,Spring
2013-05-20,39.229166666666664,126.13541666666667,13.15922222222222,39.21006944444444,639.8210394109586,133.39409375,21.515277777777772,994.4885416666667,0.45868055555555554,0.0,2.7017361111111113,5,Spring
2013-05-21,95.015625,214.51562499999997,39.107350000000004,61.843851388888886,1190.9621781000399,190.48728229166667,22.806249999999995,993.5013888888889,9.696875,0.0,1.4680555555555557,5,Spring
2013-05-22,74.74305555555556,141.54513888888889,34.07776944444444,60.385558333333336,1322.253015834368,173.82848958333332,22.974305555555556,1004.3704861111111,7.609027777777778,0.0,1.4857638888888889,5,Spring
2013-05-23,72.59895833333333,136.46180555555557,29.315972222222225,73.39583333333333,1489.5569886839958,168.09732708333334,22.999305555555555,1004.0722222222222,8.933333333333334,0.0,1.1392361111111111,5,Spring
2013-05-24,95.17361111111113,154.57291666666666,20.524305555555554,60.84375,1431.2586805555557,142.63541666666666,24.045486111111114,1005.8236111111111,12.61701388888889,0.0017361111111110917,1.6086805555555557,5,Spring
2013-05-25,61.072916666666664,110.32291666666667,24.701388888888886,53.0,986.9236111111112,213.0625,24.58923611111111,1004.4024305555555,12.721874999999999,0.0,1.589236111111111,5,Spring
2013-05-26,99.16666666666667,114.05555555555556,29.364583333333332,48.1875,1436.6840277777776,143.46875,20.99826388888889,1002.729513888889,16.971180555555556,0.0725694444444444,1.840625,5,Spring
2013-05-27,59.65972222222222,60.22222222222222,6.9375,36.104166666666664,880.15625,70.09679687500001,19.054166666666664,1001.546875,15.970138888888888,0.0552083333333333,1.1177083333333333,5,Spring
2013-05-28,74.59027777777779,78.14583333333333,5.508680555555556,53.49652777777778,999.5920138888888,46.552083333333336,19.974999999999998,999.5645833333333,15.67951388888889,0.03958333333333328,1.4614583333333335,5,Spring
2013-05-29,15.989583333333334,50.828125,5.605902777777778,23.769037173202616,281.9444444444444,100.4375,24.43020833333333,1003.1173611111112,2.171875,0.0,3.048611111111111,5,Spring
2013-05-30,53.65277777777778,125.79166666666667,16.67295,60.567246160130715,675.0543981481482,185.4924479166667,25.688541666666666,999.9315972222222,6.565277777777777,0.0,2.2875,5,Spring
2013-05-31,96.22222222222223,154.88888888888889,33.90972222222222,41.99652777777778,908.4108796296297,203.61887291666667,24.77361111111111,996.5572916666666,14.073611111111111,0.0,1.6864583333333334,5,Spring
2013-06-01,69.71180555555556,109.84027777777777,11.131944444444445,44.68407534722221,639.7361111111111,154.75428958333333,25.07569444444444,1000.4250000000001,8.11875,0.0,1.3875,6,Summer
2013-06-02,163.05555555555554,195.39930555555554,38.458333333333336,53.74305555555555,1881.0104166666667,121.65354375,21.987847222222218,998.728125,15.675347222222221,0.0,1.4055555555555557,6,Summer
2013-06-03,125.63194444444444,142.59722222222223,19.51736111111111,51.53125,1388.0347222222224,221.43300208333335,25.654166666666665,998.8538194444445,14.138194444444444,0.0,1.2656249999999998,6,Summer
2013-06-04,126.97916666666667,146.09548611111111,26.201111111111114,59.39200833333334,1877.0,162.92708333333334,20.68298611111111,1005.7479166666667,16.477430555555557,0.6760416666666668,1.6243055555555557,6,Summer
2013-06-05,123.02083333333333,109.02777777777779,6.454861111111111,45.479166666666664,1668.2222222222224,54.625,18.829513888888886,1006.0555555555557,17.872916666666665,0.2125,1.190972222222222,6,Summer
2013-06-06,129.42013888888889,121.96527777777777,9.059027777777777,50.81944444444445,2152.3020833333335,16.88313541666667,19.304861111111112,1004.2111111111112,18.258680555555554,0.022569444444444402,1.0065972222222224,6,Summer
2013-06-07,126.22392676767679,120.15625,9.84375,52.29731944444444,2225.742621527778,7.713541666666667,20.267013888888886,1002.4479166666666,19.146180555555556,0.7520833333333333,0.9913194444444443,6,Summer
2013-06-08,147.78074494949496,159.39236111111111,8.745849999999999,53.53805729166667,2468.396267361111,5.8719166666666665,20.04513888888889,1001.6854166666667,19.29861111111111,0.08993055555555551,0.813888888888889,6,Summer
2013-06-09,43.033522727272725,45.68055555555555,4.586785777777778,38.52266736111111,1009.4244281045752,40.67467291666667,18.155555555555555,1004.553125,16.936458333333334,0.48819444444444443,1.3940972222222223,6,Summer
2013-06-10,20.76388888888889,32.43923611111111,3.8841086666666667,37.032353298611106,583.1732026143791,93.22366666666666,20.523611111111112,1006.4163194444444,14.776388888888889,0.0052083333333333,0.9635416666666666,6,Summer
2013-06-11,52.61805555555555,72.9236111111111,5.121069444444444,45.461640277777775,596.5660440724379,138.92783125,20.850694444444443,1002.3368055555555,14.86875,0.24479166666666663,1.46875,6,Summer
2013-06-12,54.598958333333336,67.69097222222221,14.183472222222221,31.467073611111108,822.5025527009224,195.66513333333333,21.59375,1001.8347222222224,14.438541666666667,0.00104166666666665,1.4840277777777777,6,Summer
2013-06-13,102.515625,130.71875,32.695706944444446,45.67242291666667,1210.73152722881,226.00207708333335,24.302083333333332,1002.2090277777778,15.559027777777779,0.0,1.5079861111111112,6,Summer
2013-06-14,111.90625,161.3784722222222,28.30476388888889,52.268868749999996,1082.0102702752158,249.41362916666665,26.16909722222222,1001.9364583333332,13.433333333333332,0.0,1.9163194444444445,6,Summer
2013-06-15,124.22569444444446,172.0625,35.79235,64.15304340277778,1489.8515133216222,236.71358124999998,25.543055555555554,1000.998263888889,15.738888888888889,0.0,1.1979166666666667,6,Summer
2013-06-16,165.57638888888889,170.61458333333334,22.85429861111111,66.41700399305556,1844.6902762092977,206.66009583333334,22.474305555555556,997.707986111111,18.915625,0.06701388888888882,1.129513888888889,6,Summer
2013-06-17,42.526041666666664,48.09548611111111,6.809183333333333,37.29329045138889,859.9271045731643,153.62493541666666,25.890625,995.5027777777777,16.954513888888886,0.00034722222222221665,1.3677083333333335,6,Summer
2013-06-18,43.11805555555555,80.52951388888889,8.7328375,61.43026423611111,732.7276730163958,160.65227291666667,27.605902777777775,991.7649305555556,16.393055555555556,0.0,1.5461805555555557,6,Summer
2013-06-19,44.927241161616166,80.46875,11.410207936507938,42.89341788949275,894.3006868961353,167.55321089015152,28.85902777777778,996.5565972222222,15.926736111111111,0.0,1.171875,6,Summer
2013-06-20,55.40625,107.66319444444444,16.08169484126984,64.15796509661836,1090.8600289008748,142.45148418560606,26.797569444444445,1001.2177083333332,18.044791666666665,0.0,1.0065972222222224,6,Summer
2013-06-21,48.7376893939394,86.35069444444444,10.59623611111111,50.68948038194444,883.4623396556141,131.13675,26.172569444444445,1003.196875,17.787847222222222,0.0,1.660763888888889,6,Summer
2013-06-22,46.428819444444436,52.642361111111114,4.5922680555555555,40.948740451388886,723.348721590909,91.4601125,21.612847222222225,1002.3177083333334,19.01319444444444,0.22916666666666663,1.0586805555555554,6,Summer
2013-06-23,46.75,53.875,7.448368055555555,37.60104548611111,906.0585988965745,193.27518958333334,25.772569444444443,997.6746527777777,17.423263888888886,0.0,1.2666666666666666,6,Summer
2013-06-24,114.77430555555556,124.09722222222221,8.272430555555555,37.21700763888889,1217.615698424462,193.2971625,24.657291666666666,996.2875,20.0625,0.23854166666666665,1.4423611111111112,6,Summer
2013-06-25,103.28645833333333,96.44791666666667,8.536870833333333,41.97596163194444,1694.8576148715413,133.59805520833334,21.96701388888889,994.396875,20.705902777777776,0.09618055555555549,1.1395833333333334,6,Summer
2013-06-26,139.39756944444446,126.23958333333333,6.417679166666667,40.469974479166666,1581.2614631368026,213.46572291666666,25.865277777777777,991.1572916666665,21.355555555555554,0.0013888888888888666,1.4253472222222223,6,Summer
2013-06-27,89.27430555555556,100.38541666666667,9.291443055555556,44.71293194444444,1001.896056351559,205.7534875,27.82048611111111,992.0684027777778,19.18923611111111,0.0,1.419097222222222,6,Summer
2013-06-28,282.25694444444446,276.5694444444444,17.1975375,54.12434375,2088.722272830204,141.82032656250001,25.089583333333334,995.0260416666666,22.248611111111114,0.6326388888888889,1.4156250000000001,6,Summer
2013-06-29,95.67013888888887,93.65277777777777,5.865048611111111,44.125547222222224,1400.8449302810716,94.18160625,22.949652777777775,998.2774305555555,21.394444444444442,0.029861111111111085,1.0326388888888889,6,Summer
2013-06-30,206.65095029239762,190.78636695906434,10.132363425925925,53.11448601466049,2081.92775581906,93.23161510416666,24.982986111111106,997.6027777777778,23.047916666666666,0.008333333333333325,0.9194444444444444,6,Summer
2013-07-01,167.5735040726817,145.21760129490391,8.696709427609427,53.185305841400115,1879.682666794759,67.52465606060606,24.902430555555554,992.9319444444445,23.319444444444443,1.1875,1.3177083333333333,7,Summer
2013-07-02,18.867559523809522,30.5515873015873,4.389324368686869,25.286467171717174,567.5616308007612,109.94438882575757,28.882638888888888,989.4354166666667,17.712500000000002,0.4614583333333333,2.276388888888889,7,Summer
2013-07-03,26.48263888888889,59.029513888888886,7.963431944444444,43.61097881944445,646.8372172815108,138.34064791666665,29.668402777777775,989.6100694444444,19.01423611111111,0.0,1.2149305555555554,7,Summer
2013-07-04,21.92361111111111,56.63368055555555,6.152175,40.08278003472222,558.5658761528326,139.3125,28.24722222222222,988.4934027777778,18.131944444444443,0.05624999999999997,1.429861111111111,7,Summer
2013-07-05,19.61111111111111,39.23611111111111,6.018955555555556,33.154182291666665,506.637022397892,150.85416666666666,29.304166666666664,992.1413194444444,17.735069444444445,0.0,1.457638888888889,7,Summer
2013-07-06,55.09375,97.12152777777777,12.506566666666666,40.120325,891.9701635924462,229.909675,29.193402777777777,994.8774305555556,19.835416666666667,0.35381944444444446,1.8600694444444443,7,Summer
2013-07-07,87.78819444444444,97.19097222222223,7.5672194444444445,26.093596701388886,902.6887214536672,212.72916666666666,27.27847222222222,994.1944444444445,22.510069444444444,0.23333333333333328,1.3569444444444445,7,Summer
2013-07-08,92.38189183501684,74.05902777777779,4.5964430555555555,34.74146076388889,938.6800967752055,174.46583124999998,25.370833333333334,996.3336805555555,23.489930555555556,1.1184027777777779,0.9777777777777777,7,Summer
2013-07-09,72.44512836700336,50.44791666666666,4.316219444444445,42.90816631944444,969.0268788427757,69.21586458333333,24.256944444444443,997.3097222222223,23.279513888888886,0.3975694444444444,0.890625,7,Summer
2013-07-10,27.333859427609426,28.366319444444443,5.569125,38.35738472222222,749.461789217224,39.2026,23.339583333333334,999.2868055555556,21.69236111111111,0.19270833333333334,0.8385416666666666,7,Summer
2013-07-11,33.482218013468014,46.241319444444436,4.034302304639804,39.64288107638889,766.7767620333158,82.03392083333334,24.72361111111111,1000.06875,20.979166666666668,0.0,0.8034722222222221,7,Summer
2013-07-12,61.80765993265993,73.61458333333333,4.370869917582418,34.45276944444444,895.2504066514616,190.83054374999998,26.752430555555552,999.7256944444445,21.815625,0.0,1.3534722222222222,7,Summer
2013-07-13,117.6574074074074,105.24131944444444,6.033776388888889,27.352421527777775,1225.6382630654368,188.4789708333333,27.778125,1000.8489583333334,23.131597222222222,0.0,1.1875,7,Summer
2013-07-14,101.7606271043771,95.2326388888889,10.479596506734007,27.997548263888888,1129.4019598155467,172.91355833333333,26.753125,1001.4086805555556,21.871180555555554,0.5020833333333333,1.4666666666666668,7,Summer
2013-07-15,40.45065235690235,28.77907986111111,3.626268771043771,32.257515104166664,1208.5948232323233,105.5485875,23.916319444444444,993.2194444444444,23.46666666666667,2.4298611111111112,0.9444444444444445,7,Summer
2013-07-16,19.05213594276094,26.639322916666668,4.582206944444445,28.28693923611111,656.1904644268775,88.82622500000001,27.34409722222222,994.0656250000001,16.188888888888886,0.0017361111111110833,1.8458333333333332,7,Summer
2013-07-17,36.7829335016835,65.84375,9.513711111111112,38.646524826388884,810.0361056214318,186.93583333333333,27.066319444444446,999.1385416666667,17.92638888888889,0.0,1.4534722222222223,7,Summer
2013-07-18,149.12152777777777,124.25347222222223,11.928824999999998,34.55262413194445,1600.5136912604303,139.32130625,26.033680555555552,998.3697916666666,22.377430555555552,0.0,1.5128472222222225,7,Summer
2013-07-19,135.19791666666666,120.31944444444444,7.165472406291833,39.57466614583333,1148.456554677207,175.3123125,26.755208333333332,996.2253472222222,21.660069444444442,0.0,1.0371527777777778,7,Summer
2013-07-20,73.88888888888889,92.859375,5.354747824631861,38.02496701388889,884.9410847606499,172.81651250000002,27.956597222222218,997.8899305555556,20.035763888888887,0.00034722222222221665,1.2444444444444445,7,Summer
2013-07-21,77.94097222222221,99.40625,6.4830771084337355,39.69522222222222,1007.0158926218709,163.95549583333334,27.12222222222222,998.8065972222222,21.512152777777775,0.0,1.1336805555555556,7,Summer
2013-07-22,96.34027777777779,117.27777777777777,12.526292938420347,45.27936041666666,1255.67634863124,168.33280208333335,26.614930555555556,998.0045138888887,20.568055555555556,0.0,0.9920138888888889,7,Summer
2013-07-23,53.37847222222222,74.71875,6.237815277777777,31.14175347222222,828.7465268628312,172.14112708333334,27.15347222222222,993.9131944444443,19.301041666666666,0.0,1.7850694444444446,7,Summer
2013-07-24,34.981249999999996,61.511805555555554,6.406268055555555,40.027641493055555,662.5368137900747,127.95055520833334,29.898958333333336,993.7614583333334,18.188541666666666,0.0,1.4204861111111111,7,Summer
2013-07-25,29.188194444444445,69.15439814814815,9.38341851851852,39.51153946759259,934.8154259991215,198.75566014492753,30.090277777777775,995.4930555555555,18.402777777777775,0.0,1.5902777777777777,7,Summer
2013-07-26,47.111805555555556,75.80601851851851,19.229574537037035,53.888005497685185,1601.0931324110672,152.1321160326087,25.677083333333332,997.2854166666666,21.14236111111111,0.0847222222222222,1.1701388888888888,7,Summer
2013-07-27,104.9201388888889,90.24652777777779,5.4977625,53.10111736111111,1470.193906455863,46.19465,25.02013888888889,994.6128472222222,23.343055555555555,0.07256944444444441,0.8013888888888889,7,Summer
2013-07-28,56.572916666666664,56.423611111111114,6.4105375,37.979790625,1080.4631587615283,164.7160125,29.72048611111111,993.9864583333333,21.504513888888884,0.0,1.270138888888889,7,Summer
2013-07-29,62.09375,98.7482638888889,5.538023611111111,65.25374340277777,934.1351888449714,118.48211250000001,28.60902777777778,993.8454861111112,23.337847222222223,0.005208333333333308,1.04375,7,Summer
2013-07-30,107.06779970760233,112.95668859649122,6.974542224049707,45.334668832236844,1056.0363855950811,246.10831513157896,28.832291666666666,991.5680555555555,22.849305555555556,0.47986111111111107,1.4586805555555555,7,Summer
2013-07-31,43.73081140350877,56.01900584795322,5.926236074561403,29.741254952485377,719.2570267896355,217.09507708333334,26.11111111111111,993.6999999999999,21.644791666666666,0.9614583333333333,1.6888888888888889,7,Summer
2013-08-01,37.57986111111111,35.14409722222222,4.227309027777777,39.470190624999994,739.2485013175232,156.62307083333334,23.31458333333333,997.5600694444444,21.378819444444446,0.18298611111111107,0.9208333333333334,8,Summer
2013-08-02,69.75347222222221,67.43402777777779,6.8504506944444445,38.93055486111111,982.3302536231885,192.38396875,25.661805555555556,999.6489583333333,20.995833333333334,0.029166666666666664,1.1097222222222223,8,Summer
2013-08-03,28.40625,50.717013888888886,4.863354840923773,33.770165625,625.9801877470355,199.49075625,27.495833333333334,997.4052083333335,19.263541666666665,0.0006944444444444333,1.371875,8,Summer
2013-08-04,76.60416666666667,93.70833333333333,7.862096324289406,33.749619270833335,840.8422430830038,222.07557708333334,27.26111111111111,993.9659722222223,21.485069444444445,0.35520833333333335,1.4968750000000002,8,Summer
2013-08-05,42.895833333333336,51.75868055555555,4.789957886025561,35.82795625,702.6097367306606,228.13092500000002,26.560416666666665,992.145486111111,20.924652777777776,0.0017361111111110917,1.0854166666666667,8,Summer
2013-08-06,132.53125,144.54166666666666,6.498262537537538,43.521732812500005,1053.6114625812995,200.88385416666665,29.089583333333334,993.3204861111112,24.89027777777778,0.1236111111111111,1.176388888888889,8,Summer
2013-08-07,33.06944444444444,33.307291666666664,6.291972334834835,31.097163715277777,689.8686447811448,138.69360625,25.389236111111114,996.3725694444444,21.543402777777775,0.17013888888888887,1.5222222222222224,8,Summer
2013-08-08,28.927083333333332,53.25,8.095801388888889,37.7036484375,744.2929896794027,175.97228958333335,28.134027777777774,994.2121527777778,20.35451388888889,0.0,1.445138888888889,8,Summer
2013-08-09,36.635416666666664,71.20659722222223,9.870491666666666,39.91759444444444,683.3185551163812,200.34189166666667,29.06736111111111,995.0684027777778,19.95138888888889,0.0,1.214236111111111,8,Summer
2013-08-10,91.24055232558139,129.0172803617571,11.435137752525252,37.78984678030303,967.8460144927536,241.9521075757576,29.944097222222222,998.671875,23.947916666666668,0.0,1.2850694444444444,8,Summer
2013-08-11,139.26962209302326,129.5825662144703,10.71877777777778,36.882388194444445,1273.4514410408433,163.9811115530303,27.08298611111111,999.8420138888888,25.358333333333334,1.6118055555555557,1.3270833333333334,8,Summer
2013-08-12,48.562742248062015,44.36022286821705,6.177783080808081,24.034695059974748,715.1443044576196,128.56815795454546,26.8125,998.9197916666667,23.638541666666665,0.0065972222222222,1.404513888888889,8,Summer
2013-08-13,91.26041666666667,92.44097222222223,11.382219444444445,30.07184722222222,1022.9205588493633,166.91500833333333,28.361284722222223,998.6552083333332,24.214062499999997,0.044791666666666646,1.4300347222222223,8,Summer
2013-08-14,70.86284722222221,92.80208333333333,8.263463888888888,32.758011805555554,828.2986111111112,179.56747916666666,28.96909722222222,997.9027777777778,24.344791666666666,0.00034722222222221665,1.4645833333333333,8,Summer
2013-08-15,120.81597222222223,131.7222222222222,6.1293625,38.473810763888885,1102.0833333333333,172.31770833333334,29.908680555555552,996.4343749999999,26.27673611111111,0.02291666666666665,1.1881944444444443,8,Summer
2013-08-16,123.19444444444444,141.64409722222223,4.465686111111111,50.00621666666666,1209.0277777777778,200.9375,29.040277777777778,991.5715277777778,26.588194444444444,0.02118055555555554,1.0565972222222222,8,Summer
2013-08-17,41.77430555555555,62.28993055555555,6.268713888888889,35.13469340277778,547.7578309692672,180.04166666666666,31.073958333333334,995.3694444444444,16.03090277777778,0.0,2.0708333333333333,8,Summer
2013-08-18,12.104166666666666,34.541666666666664,3.9006666666666665,28.099231944444444,439.7864952718676,127.96875,28.93715277777778,1002.0968750000001,15.323263888888889,0.0,1.4628472222222222,8,Summer
2013-08-19,19.871527777777775,46.114583333333336,4.524619444444444,41.20682934027778,605.8792848699763,146.76736111111111,27.945138888888888,1004.0802083333333,15.633333333333333,0.0,1.1180555555555556,8,Summer
2013-08-20,81.55208333333333,117.59375,9.322561111111112,49.61238715277778,1261.263888888889,153.92065416666665,26.083680555555556,1003.1986111111111,21.14027777777778,0.08159722222222215,1.190972222222222,8,Summer
2013-08-21,99.51041666666667,92.14409722222221,7.224894444444445,44.902602083333335,1160.2430555555554,167.23958333333334,26.052777777777777,1001.932638888889,21.402777777777775,0.008680555555555516,1.159375,8,Summer
2013-08-22,110.921875,126.4375,5.375800000000001,68.8064032986111,1221.701388888889,114.60416666666667,24.025347222222223,1002.94375,21.64375,0.0069444444444444085,0.7982638888888888,8,Summer
2013-08-23,47.760416666666664,63.979166666666664,6.391094444444445,44.97786493055556,836.8055555555555,117.92708333333333,27.32569444444444,1003.1128472222223,17.616319444444443,0.0006944444444444417,1.1315972222222224,8,Summer
2013-08-24,28.253472222222218,69.53125,5.485855555555555,49.56415416666667,697.0486111111112,133.72916666666666,27.25,1003.1038194444445,15.89861111111111,0.0,1.14375,8,Summer
2013-08-25,34.75,77.86111111111111,5.984097222222222,46.652485937499996,698.6111111111112,217.84375,27.739930555555556,1000.4059027777779,16.638194444444444,0.0,1.5319444444444443,8,Summer
2013-08-26,48.635416666666664,100.32986111111113,10.393430555555556,37.93606875,893.9236111111112,203.40853958333332,28.004513888888884,999.7850694444445,17.6375,0.0,1.9288194444444444,8,Summer
2013-08-27,60.923611111111114,84.60416666666667,12.464297222222221,42.69934583333333,1380.3819444444443,163.29916458333335,24.233333333333334,1001.3336805555555,20.683333333333334,0.13263888888888883,1.7131944444444445,8,Summer
2013-08-28,70.13194444444444,61.03472222222222,6.163911111111111,48.665385873538014,1904.1666666666667,65.0150625,23.530555555555555,993.8333333333334,21.948958333333334,0.5729166666666666,1.070486111111111,8,Summer
2013-08-29,25.715277777777775,36.39236111111111,3.6605305555555554,28.140066904239763,754.5138888888888,66.57257916666667,24.407291666666666,997.1798611111111,12.134375,0.0,2.9756944444444446,8,Summer
2013-08-30,8.84375,24.57986111111111,2.2821277777777778,22.842532291666668,388.71527777777777,71.97916666666667,22.40833333333333,1005.859375,10.447569444444444,0.00034722222222221665,1.6468750000000003,8,Summer
2013-08-31,15.881944444444443,41.229166666666664,6.6534916666666675,36.20800590277778,481.7708333333333,91.78125,22.93263888888889,1005.8736111111111,11.184722222222222,0.0,1.4256944444444446,8,Summer
2013-09-01,37.37847222222222,76.22222222222223,9.657816666666667,37.81380868055555,888.7152777777778,154.72916666666666,22.863194444444446,1007.4614583333333,15.066319444444446,0.07743055555555553,1.320486111111111,9,Autumn
2013-09-02,47.08159722222222,66.31423611111111,11.028316666666667,38.70789254227053,932.9861111111112,169.75,22.511458333333334,1009.5809027777777,15.636111111111113,0.0,1.2527777777777778,9,Autumn
2013-09-03,89.68055555555556,112.7986111111111,11.884963888888889,43.99320520078502,1202.7777777777776,183.90625,23.29965277777778,1010.0565972222221,17.59548611111111,0.08611111111111112,1.2621527777777777,9,Autumn
2013-09-04,64.85069444444444,61.538194444444436,6.910897222222222,41.99700394570707,1104.513888888889,136.22916666666666,20.115972222222222,1010.0003472222221,18.34513888888889,0.8208333333333333,1.0600694444444445,9,Autumn
2013-09-05,19.857638888888886,25.81076388888889,4.039436111111111,26.551815498737373,659.0277777777777,96.5,21.146527777777777,1008.3993055555555,15.604513888888889,0.21458333333333326,1.4684027777777777,9,Autumn
2013-09-06,64.42013888888889,65.625,10.379697222222221,43.90206736111111,1465.017361111111,124.25028958333333,21.120138888888885,1010.1062499999999,16.705902777777776,0.0788194444444444,1.2201388888888889,9,Autumn
2013-09-07,66.84375,75.03645833333333,6.543736111111111,44.76287569444444,1242.0217803030303,136.40871666666666,22.337152777777774,1010.8125,15.700000000000001,0.0,1.0541666666666667,9,Autumn
2013-09-08,89.28472222222223,115.00694444444444,16.503555555555554,56.120323263888885,1521.5701422115897,103.13534375,21.38888888888889,1010.4145833333332,17.492708333333333,0.17048611111111103,1.0385416666666667,9,Autumn
2013-09-09,76.625,77.98784722222221,9.146705555555554,40.314738541666664,1004.5504385964913,121.41026875,21.519791666666666,1006.7885416666667,17.505902777777777,0.023611111111111072,1.2809027777777777,9,Autumn
2013-09-10,53.107638888888886,71.71180555555556,7.241125,42.75236284722222,722.3186728395061,86.90290416666666,22.617361111111112,1006.3197916666667,12.389583333333334,0.0,1.3159722222222223,9,Autumn
2013-09-11,60.569444444444436,102.55208333333333,13.947055555555556,50.98664913194444,969.1743827160494,166.23513541666668,22.027430555555554,1008.3125,14.428819444444443,0.0,1.4038194444444445,9,Autumn
2013-09-12,143.35069444444443,175.9722222222222,22.647458333333333,75.07432309027779,1608.6805555555557,130.30504583333334,21.8625,1005.49375,17.77881944444444,0.2829861111111111,1.0631944444444443,9,Autumn
2013-09-13,83.82638888888889,95.89756944444444,3.11975,49.12978506944444,1138.1944444444446,68.61302916666666,19.581944444444442,1000.4225694444444,18.593402777777776,0.06979166666666663,1.132638888888889,9,Autumn
2013-09-14,45.52777777777777,56.076388888888886,4.155402777777778,44.930780208333324,962.6736111111112,75.67583125,23.159722222222218,1002.6381944444444,13.383680555555555,0.002777777777777733,1.2739583333333335,9,Autumn
2013-09-15,19.871527777777775,57.395833333333336,9.309975,44.619875,590.7986111111111,81.51041666666667,20.615624999999998,1007.7371527777777,9.069097222222222,0.0,1.2444444444444445,9,Autumn
2013-09-16,46.17534722222222,93.80555555555556,13.166052777777777,56.410826587301585,1107.1180555555557,78.249825,20.68298611111111,1005.5975694444445,14.937847222222222,0.0010416666666666584,1.0965277777777778,9,Autumn
2013-09-17,82.97916666666667,113.79861111111113,9.218763888888889,70.35378070436508,2045.486111111111,39.36440833333334,20.208680555555556,1009.0569444444444,18.34548611111111,0.09791666666666665,0.7663194444444444,9,Autumn
2013-09-18,104.95833333333333,101.60763888888887,10.423630555555556,54.695048611111105,2218.055555555555,64.84375,21.353472222222223,1012.6878472222223,19.77847222222222,0.2878472222222222,1.01875,9,Autumn
2013-09-19,110.56944444444446,101.1423611111111,11.339847222222224,43.340851388888886,1726.203125,108.20833333333333,21.72708333333333,1007.2083333333334,19.549652777777776,0.046527777777777744,1.0385416666666667,9,Autumn
2013-09-20,44.4375,54.927083333333336,2.797916666666666,39.645512152777776,770.7881944444445,87.83333333333333,22.05972222222222,1009.2687500000001,14.247916666666667,0.0,1.1263888888888889,9,Autumn
2013-09-21,40.84374999999999,74.6736111111111,6.723916666666667,45.471110937499994,712.8472222222223,160.30208333333334,22.732638888888886,1009.4482638888888,14.751041666666666,0.0,1.3472222222222223,9,Autumn
2013-09-22,71.2048611111111,104.28472222222221,7.427244444444444,69.15227222222222,1274.826388888889,103.09375,20.30034722222222,1009.1211805555555,17.27638888888889,0.004513888888888867,0.8340277777777777,9,Autumn
2013-09-23,28.11111111111111,43.416666666666664,4.694675,36.91187291666667,754.8611111111112,28.268527083333336,15.904513888888888,1012.6263888888889,9.670833333333333,0.47083333333333327,1.746875,9,Autumn
2013-09-24,9.760416666666666,28.32986111111111,4.985127777777778,34.61932152777778,402.9513888888889,54.18333333333334,15.046875,1015.9524305555556,3.4489583333333336,0.0,1.4590277777777778,9,Autumn
2013-09-25,12.072916666666666,42.135416666666664,5.035002777777778,42.69945052083333,430.2083333333333,65.34375,16.217708333333334,1014.3677083333333,2.275,0.0,1.6815972222222222,9,Autumn
2013-09-26,39.05034722222222,87.59027777777777,13.155327777777778,62.706222222222216,881.25,74.20051458333333,16.204166666666666,1010.6072916666667,6.947222222222223,0.0,1.0993055555555555,9,Autumn
2013-09-27,145.47395833333334,206.46527777777774,22.328780555555554,86.31265590277776,1682.986111111111,152.92910833333335,16.773263888888888,1005.4520833333332,10.947222222222223,0.0,0.9927083333333333,9,Autumn
2013-09-28,229.16319444444443,257.5173611111111,15.077166666666665,73.14865069444444,1526.8229166666667,115.7259375,15.951041666666669,1005.3503472222222,12.214930555555554,0.0,0.8951388888888889,9,Autumn
2013-09-29,212.49131944444443,207.65277777777774,13.431025,79.02529618055556,1574.392361111111,60.106035416666664,17.285069444444442,1011.6315972222222,14.653472222222222,0.0,0.85,9,Autumn
2013-09-30,144.64141414141415,138.7924558080808,19.58289290123457,71.07836930941359,1568.2890325670498,47.48035394021739,18.605555555555554,1012.5701388888889,16.48888888888889,0.0,0.7993055555555556,9,Autumn
2013-10-01,77.33680555555556,75.53819444444444,5.745569166666667,48.7797286111111,1135.803229337712,56.46151497584541,17.79583333333333,1011.167013888889,15.051388888888889,0.3913194444444444,1.0503472222222223,10,Autumn
2013-10-02,16.778724747474747,29.598169191919194,4.985528209876543,35.581532808641974,504.39788146441373,70.64407314311595,17.07465277777778,1014.8017361111112,4.221180555555556,0.0,1.642361111111111,10,Autumn
2013-10-03,59.083333333333336,90.51041666666667,25.665215277777776,55.0725375,1374.9589307048984,72.67313541666667,15.435763888888888,1012.0208333333334,9.818055555555555,0.0,1.3607638888888889,10,Autumn
2013-10-04,132.28125,158.13541666666666,30.656555555555553,68.06432777777778,2059.43287037037,89.06992291666667,16.89097222222222,1008.1437500000001,12.91388888888889,0.0,0.9430555555555555,10,Autumn
2013-10-05,282.0208333333333,290.875,20.971130555555554,82.16227534722222,2329.9768518518517,95.11020624999999,17.299652777777776,1013.7402777777778,13.898958333333333,0.0,0.8576388888888888,10,Autumn
2013-10-06,207.90625,197.06944444444443,21.557905555555553,70.82104687500001,2385.486111111111,47.20523125,16.31076388888889,1016.3753472222223,14.478819444444445,0.0,0.8482638888888889,10,Autumn
2013-10-07,83.42708333333333,89.24652777777777,16.151594444444445,47.049840624999995,1280.6944444444446,51.93501041666667,19.000694444444445,1016.5256944444445,9.078125,0.0,1.4895833333333333,10,Autumn
2013-10-08,55.057291666666664,81.73611111111111,21.244183333333332,51.49965572916667,993.9467592592592,81.890925,17.356597222222224,1013.310763888889,10.412847222222222,0.0006944444444444417,1.292361111111111,10,Autumn
2013-10-09,130.67013888888889,163.58333333333334,14.314272222222222,81.41994149305556,1517.9320040899795,46.20153333333334,15.080902777777778,1004.9805555555555,12.224652777777777,0.0,0.9194444444444444,10,Autumn
2013-10-10,79.625,106.13194444444444,10.462744444444445,40.09656458333333,891.1085548738923,62.53730416666667,16.622916666666665,1005.3815972222222,5.595486111111111,0.0,2.826388888888889,10,Autumn
2013-10-11,43.31597222222222,83.98958333333333,14.597655555555555,62.89227777777777,867.2428851397409,75.28211666666667,14.678819444444445,1009.3295138888889,5.4906250000000005,0.0,1.1861111111111111,10,Autumn
2013-10-12,59.86805555555555,92.13541666666667,9.882586111111111,74.0158048611111,941.8147154055896,67.67753541666667,15.905208333333333,1012.2260416666667,7.567361111111111,0.0,0.982986111111111,10,Autumn
2013-10-13,48.71875,67.07291666666667,13.238180555555553,55.56449131944444,935.1365456714383,49.931797916666675,15.207291666666668,1012.8572916666667,9.77361111111111,0.0017361111111110833,0.9232638888888888,10,Autumn
2013-10-14,30.503472222222218,46.057291666666664,3.582183333333333,39.63275798611111,727.9375426039536,42.22102916666667,12.244444444444445,1020.8003472222222,2.7729166666666667,0.0024305555555555417,1.5795138888888889,10,Autumn
2013-10-15,18.906249999999996,38.28472222222222,6.542940277777777,41.463130381944445,576.4323602284185,54.77363125,9.643402777777778,1024.2645833333333,-3.257638888888889,0.0,1.2635416666666666,10,Autumn
2013-10-16,47.51909722222222,75.21180555555556,9.587813888888888,62.84110347222222,831.4734602880129,53.464093749999996,11.011805555555556,1019.3388888888888,0.611111111111111,0.0,1.0625,10,Autumn
2013-10-17,127.51388888888887,147.60069444444443,23.102208333333333,84.07844999999999,1351.9660848348647,53.9350125,10.956597222222223,1020.0486111111112,4.64375,0.0,1.0309027777777777,10,Autumn
2013-10-18,212.54513888888889,225.07291666666666,36.355716666666666,109.84407552083333,1898.2286369179485,30.624527083333334,11.222916666666668,1018.8208333333333,6.958333333333333,0.006249999999999992,0.8677083333333333,10,Autumn
2013-10-19,71.07986111111111,66.03993055555556,10.257175,44.88584409722222,890.637720834618,51.578737499999995,13.404513888888891,1019.4958333333334,1.3288194444444443,0.0006944444444444417,2.195138888888889,10,Autumn
2013-10-20,22.628472222222225,41.427083333333336,6.340033333333333,48.290771875,718.4257759607867,53.829483333333336,11.829166666666666,1018.7958333333335,0.9451388888888889,0.0,1.039236111111111,10,Autumn
2013-10-21,77.21875,115.67881944444446,14.732877777777778,75.82816684027777,1099.7301981154494,56.31250416666666,11.04548611111111,1016.9836805555556,3.7597222222222215,0.0,0.9940972222222223,10,Autumn
2013-10-22,124.5451388888889,146.86805555555557,34.92679166666667,79.89111770833334,1297.4196261464178,52.477664583333336,10.653819444444446,1015.6722222222221,6.090972222222223,0.028472222222222208,1.320486111111111,10,Autumn
2013-10-23,25.638888888888886,64.3923611111111,8.216897222222222,37.689782638888886,599.6527777777778,45.509858333333334,9.728125,1016.5506944444445,-5.064930555555556,0.00034722222222221665,1.913888888888889,10,Autumn
2013-10-24,19.600694444444446,41.38194444444444,3.862511111111111,24.047388541666667,551.5625,73.66087083333333,10.66423611111111,1020.9024305555555,-3.7027777777777775,0.0,2.2510416666666666,10,Autumn
2013-10-25,39.302083333333336,59.61805555555555,7.262097222222223,48.06266510416666,805.3819444444445,70.03117291666666,10.473263888888889,1021.0395833333333,-0.03368055555555552,0.0,1.3545138888888888,10,Autumn
2013-10-26,59.944444444444436,89.61111111111113,13.373905555555554,66.87956597222222,995.8333333333334,52.00036341145833,9.307986111111111,1016.2624999999999,0.41527777777777786,0.0,0.9815972222222222,10,Autumn
2013-10-27,169.5034722222222,204.00694444444443,26.767666666666667,105.11300416666667,1893.5763888888887,29.181888723958334,8.734722222222222,1011.7048611111112,3.5774305555555554,0.0,0.7076388888888889,10,Autumn
2013-10-28,267.5069444444444,287.12847222222223,35.15241666666667,109.79012534722222,2741.6666666666665,54.16255833333333,10.443055555555555,1013.85,5.630208333333333,0.0,0.9284722222222221,10,Autumn
2013-10-29,43.270833333333336,55.65625,11.073372222222224,44.71685173611112,964.5833333333334,58.62752291666666,10.626041666666666,1021.59375,-1.5854166666666665,0.0,1.4833333333333334,10,Autumn
2013-10-30,74.90277777777779,104.58333333333333,12.071530555555555,71.72400121527778,1201.388888888889,37.17373125,7.840625,1021.5440972222223,0.7381944444444445,0.0,0.9364583333333334,10,Autumn
2013-10-31,136.50520833333334,158.68402777777777,11.069027777777778,94.1699951388889,1619.6180555555557,30.212589192708336,8.014236111111112,1021.2631944444444,2.8208333333333333,0.0,0.771875,10,Autumn
2013-11-01,184.86458333333334,193.77777777777774,14.697041666666665,100.03881944444446,1877.0833333333333,14.92827109375,7.980902777777778,1019.7722222222222,4.480555555555555,0.002777777777777775,0.8753472222222222,11,Autumn
2013-11-02,244.23958333333334,235.1111111111111,12.340791666666668,106.74824895833335,2086.805555555555,21.864815625000002,8.536458333333334,1016.0499999999998,6.060069444444444,0.0,0.9256944444444445,11,Autumn
2013-11-03,54.09722222222222,58.30555555555555,6.050152222222223,44.17385034722222,881.5972222222222,62.08899374999999,12.362152777777778,1018.4545138888889,-0.6673611111111111,0.0,2.275,11,Autumn
2013-11-04,37.5,63.125,11.203603333333334,53.780566666666665,921.5277777777778,45.28382727272727,9.55625,1021.5239583333333,-0.7173611111111112,0.0,1.0760416666666666,11,Autumn
2013-11-05,146.35590277777777,189.2222222222222,23.59091388888889,94.14167048611112,1996.7013888888887,14.105724375000001,9.016319444444445,1014.2958333333332,2.560416666666667,0.0,0.8461805555555556,11,Autumn
2013-11-06,94.84027777777779,130.43055555555557,10.520527777777778,55.62622673611111,1488.107638888889,55.101834375,10.009375,1011.5854166666668,-4.085069444444444,0.0,2.8076388888888886,11,Autumn
2013-11-07,32.092013888888886,54.52777777777778,10.879113888888888,42.342064236111106,849.21875,48.209503125,8.225694444444445,1014.7038194444444,-5.982291666666666,0.0,1.432986111111111,11,Autumn
2013-11-08,124.09722222222223,154.3472222222222,49.36516944444444,88.47808802083334,2127.430555555555,12.918170687984498,6.471180555555556,1014.3395833333334,-1.426388888888889,0.0,0.7809027777777776,11,Autumn
2013-11-09,93.03125,111.9236111111111,41.896255555555555,66.79651128472223,1618.0555555555557,43.97905312500001,9.535069444444444,1018.1878472222221,-4.117013888888889,0.0,2.1458333333333335,11,Autumn
2013-11-10,18.40972222222222,41.177083333333336,9.483866666666666,27.606192534722222,546.0069444444445,66.557071875,5.048958333333333,1023.0454861111111,-18.882291666666667,0.0,2.8618055555555557,11,Autumn
2013-11-11,34.185763888888886,56.138888888888886,17.748055555555556,49.40601510416666,822.0486111111112,42.469612500000004,6.794791666666666,1021.4833333333332,-9.102430555555555,0.0,1.5159722222222223,11,Autumn
2013-11-12,56.482638888888886,78.32291666666667,21.475061111111113,57.765228819444445,1364.236111111111,45.1984153125,7.538541666666667,1018.5795138888889,-4.2124999999999995,0.0,1.137152777777778,11,Autumn
2013-11-13,149.56770833333334,172.51215277777774,48.78368611111111,97.09606979166666,2716.6886053732956,15.271808333333334,5.442708333333333,1014.7729166666667,-0.2767361111111111,0.0,0.7687499999999999,11,Autumn
2013-11-14,65.68402777777779,100.61111111111113,19.5625,54.95715763888888,1433.6276073309034,57.646575000000006,8.156944444444445,1012.5885416666666,-6.940625000000001,0.0,2.040277777777778,11,Autumn
2013-11-15,92.0173611111111,168.9097222222222,28.147569444444443,81.40435104166667,2160.2259686782772,25.59115224780702,6.894791666666666,1010.8315972222223,-5.309722222222223,0.0,1.0885416666666667,11,Autumn
2013-11-16,39.552083333333336,90.0173611111111,12.184027777777779,31.583496874999998,964.7757189145403,58.82270625,7.994791666666667,1013.4388888888889,-8.158680555555556,0.0,3.0850694444444446,11,Autumn
2013-11-17,10.222222222222223,21.260416666666668,7.142361111111111,22.312477430555557,713.2143580396922,57.370031250000004,5.060069444444445,1018.3621527777777,-12.000347222222222,0.0,2.587152777777778,11,Autumn
2013-11-18,9.184027777777777,17.18402777777778,6.951388888888889,20.79428125,629.291886053733,54.5350640625,4.168055555555555,1020.4760416666667,-13.166319444444445,0.0,2.3649305555555555,11,Autumn
2013-11-19,31.826388888888886,40.74652777777778,16.92013888888889,39.48106875,938.1471918455514,38.398696875000006,2.2375000000000003,1018.5739583333334,-11.984375,0.0,1.199652777777778,11,Autumn
2013-11-20,62.263888888888886,80.39583333333333,24.789930555555554,55.78887847222222,1755.891386526259,31.81933667763158,3.2586805555555554,1017.4746527777778,-7.954861111111111,0.0,0.9760416666666667,11,Autumn
2013-11-21,90.140625,102.35416666666667,35.19444444444444,69.28740451388889,2058.878636762522,20.165606907894738,3.884027777777778,1019.7642361111111,-6.183333333333334,0.0,0.9826388888888888,11,Autumn
2013-11-22,132.56944444444443,138.27430555555554,47.46787222222222,84.69130625,2390.6888414656933,15.071430000000001,3.9875000000000003,1017.9847222222221,-5.088541666666667,0.0,0.8243055555555556,11,Autumn
2013-11-23,181.89930555555554,181.9097222222222,58.52777777777777,100.71862135416667,2827.8332003074515,27.56607291666667,5.615972222222222,1013.9663194444444,-4.007638888888889,0.0,1.1024305555555556,11,Autumn
2013-11-24,73.53819444444444,133.20138888888889,26.65625,43.63303576388889,1349.823712164589,43.69402083333333,7.769791666666666,1009.3149305555554,-8.002430555555556,0.0,2.100347222222222,11,Autumn
2013-11-25,15.305555555555555,26.461805555555554,9.73611111111111,23.772186458333334,807.7517240217263,51.861134375,3.3864583333333336,1011.396875,-12.533333333333333,0.0,2.4302083333333333,11,Autumn
2013-11-26,16.96527777777778,48.22222222222222,10.162677777777779,22.82750318287037,961.1658469899749,59.352399999999996,2.057638888888889,1013.3489583333334,-17.758333333333333,0.0,3.303472222222222,11,Autumn
2013-11-27,7.149305555555556,35.48611111111111,3.65625,8.309318171296296,656.7674699582233,62.09702291666667,-2.3149305555555553,1021.239236111111,-24.443402777777777,0.0,4.691319444444445,11,Autumn
2013-11-28,19.22222222222222,34.64583333333333,12.59375,26.687,912.2649262598051,52.38471666666667,0.6496527777777777,1019.8715277777777,-21.130555555555556,0.0,2.9343749999999997,11,Autumn
2013-11-29,62.76388888888889,78.10243055555556,31.652777777777775,61.725140624999995,1755.0887714502758,34.908700520833335,4.422569444444444,1013.7413194444445,-11.452430555555557,0.0,1.534722222222222,11,Autumn
2013-11-30,34.5625,50.635416666666664,25.784722222222218,42.75145312499999,1067.704283307413,54.12570416666667,5.169097222222223,1016.9388888888889,-12.297569444444443,0.0,1.9395833333333332,11,Autumn
2013-12-01,71.19097222222221,86.97569444444446,36.57638888888889,63.63874756944444,1696.1930354863205,29.9617875,3.0843749999999996,1016.7503472222223,-10.290972222222223,0.0,1.2621527777777777,12,Winter
2013-12-02,108.9236111111111,126.54166666666667,53.43935,82.64212291666666,2280.0629465390334,13.24199375,2.770138888888889,1012.7604166666666,-8.917708333333334,0.0,0.8333333333333334,12,Winter
2013-12-03,67.328125,91.16666666666667,38.18371944444444,60.080394444444444,1518.736098332487,45.34690104166666,5.961111111111111,1015.4993055555556,-9.040277777777778,0.0,1.2694444444444446,12,Winter
2013-12-04,90.25347222222221,107.3263888888889,43.20355277777778,72.58961041666667,1915.8120279037184,22.0635575,5.383680555555556,1013.542013888889,-7.21875,0.0,1.0458333333333334,12,Winter
2013-12-05,39.50868055555555,53.00347222222222,29.247155555555555,41.87163541666666,1338.0337908082836,52.55882916666667,5.927777777777777,1017.4413194444445,-10.427430555555555,0.0,1.8756944444444443,12,Winter
2013-12-06,124.41840277777777,140.27256944444443,49.474919444444446,81.68935694444444,2259.2023129721074,14.306477083333334,2.437152777777778,1013.4027777777778,-7.687847222222222,0.0,1.0326388888888889,12,Winter
2013-12-07,254.5277777777778,256.40277777777777,64.63650555555556,108.25992812499999,3543.9125018025984,8.204800694444446,1.5177083333333332,1013.8083333333333,-3.848263888888889,0.0,0.8979166666666667,12,Winter
2013-12-08,194.47916666666663,187.95833333333334,52.290080555555555,73.64007465277778,2780.5324128553116,46.490812500000004,4.876736111111111,1014.8045138888889,-5.9624999999999995,0.0,2.384375,12,Winter
2013-12-09,12.385416666666666,15.420138888888888,10.202919444444444,24.041754861111112,945.9138979820987,54.75366458333334,2.098611111111111,1017.5677083333334,-13.180208333333333,0.0,2.2760416666666665,12,Winter
2013-12-10,24.020833333333332,49.6875,16.299311111111113,33.53477777777778,1144.9759386644412,57.2978125,0.7319444444444444,1013.7003472222223,-13.752777777777778,0.0,2.810763888888889,12,Winter
2013-12-11,22.784722222222225,32.30902777777778,15.694316666666666,32.979335416666665,988.6560349023395,50.384194791666665,1.2520833333333334,1013.0010416666668,-15.330902777777778,0.0,2.096875,12,Winter
2013-12-12,17.225694444444446,31.319444444444443,12.104166666666666,27.479166666666668,974.3500200291265,57.487750000000005,-1.7347222222222223,1015.6687499999999,-19.798958333333335,0.0,2.418402777777778,12,Winter
2013-12-13,53.86805555555555,68.20833333333333,32.00347222222222,49.54861111111111,1290.859977378136,29.75380510416667,-2.8600694444444446,1019.3763888888889,-18.37534722222222,0.0,1.426388888888889,12,Winter
2013-12-14,51.208333333333336,62.63194444444445,34.885416666666664,50.979166666666664,1231.1763583382565,38.53353782051282,-1.5416666666666667,1022.651388888889,-17.87361111111111,0.0,1.5472222222222223,12,Winter
2013-12-15,51.163194444444436,59.538194444444436,32.076388888888886,54.84722222222222,1348.4417307004933,28.03805509868421,-1.2173611111111111,1027.0826388888888,-16.679166666666667,0.0,1.0458333333333334,12,Winter
2013-12-16,121.24131944444444,135.14236111111111,63.72569444444445,77.28125,1767.1819266649236,9.368137719298247,-1.6479166666666665,1024.6392361111111,-13.746875000000001,0.0,0.9347222222222222,12,Winter
2013-12-17,70.14930555555556,71.99652777777779,41.17313888888889,48.27865399305555,1237.7171951996377,39.40053125,-0.47708333333333336,1027.021875,-15.588888888888889,0.0,2.09375,12,Winter
2013-12-18,38.44444444444444,45.791666666666664,22.055555555555557,36.56249999999999,907.323405533878,42.070659375,-4.125,1025.9885416666666,-17.003125,0.0,1.710763888888889,12,Winter
2013-12-19,39.91512345679012,51.48148148148149,27.56380925925926,47.604751485339506,1096.4404349965646,36.36295972222222,-4.326041666666667,1024.6090277777778,-16.436458333333334,0.0,1.4913194444444444,12,Winter
2013-12-20,35.10918209876543,49.29976851851851,30.89136851851852,50.82156327160494,1215.376984126984,47.13107083333333,-2.8913194444444446,1028.245138888889,-16.012847222222224,0.0,1.5315972222222223,12,Winter
2013-12-21,61.64930555555555,76.57638888888889,42.883677777777784,68.84372430555555,1538.888888888889,35.06058541666667,-3.2538194444444444,1028.8489583333333,-14.921527777777778,0.0,1.0583333333333333,12,Winter
2013-12-22,132.44791666666666,153.21875,67.3611111111111,94.8923611111111,2674.305555555555,13.360396875000001,-3.5767361111111113,1025.851736111111,-13.609027777777778,0.0,0.9263888888888889,12,Winter
2013-12-23,127.9375,148.35763888888889,62.456786111111114,89.93984791666666,2836.1111111111113,29.206905208333335,-2.366319444444444,1025.9347222222223,-12.354513888888889,0.0,1.004513888888889,12,Winter
2013-12-24,218.89236111111111,251.3715277777778,93.78819444444444,122.40277777777779,4769.791666666667,13.130904166666667,-3.4048611111111113,1027.4329861111112,-10.117708333333333,0.0,0.9954861111111112,12,Winter
2013-12-25,178.16319444444446,216.7534722222222,69.98611111111111,98.63194444444444,3396.180555555555,51.28644375,-1.8739583333333334,1022.1708333333332,-12.963541666666666,0.0,2.5815972222222223,12,Winter
2013-12-26,10.590277777777777,19.600694444444446,8.8125,19.458333333333332,372.5694444444444,60.282495833333336,-2.394097222222222,1027.9565972222222,-19.828125,0.0,3.2663194444444446,12,Winter
2013-12-27,24.822916666666668,29.552083333333332,25.12058024691358,43.587417708333334,784.2361111111112,44.40226666666666,-1.7770833333333333,1023.6861111111111,-18.190277777777776,0.0,1.9708333333333332,12,Winter
2013-12-28,18.97222222222222,26.260416666666668,17.120947222222224,31.07127795138889,776.5277777777778,55.93511041666667,-1.8142361111111114,1019.9135416666667,-19.40972222222222,0.0,2.670833333333334,12,Winter
2013-12-29,63.65972222222222,91.46527777777777,47.510416666666664,76.99305555555556,1695.486111111111,29.86886875,-0.5166666666666666,1012.7635416666667,-17.96388888888889,0.0,1.7302083333333333,12,Winter
2013-12-30,44.154513888888886,87.44618055555556,29.072511419753084,51.65681371527777,1130.2083333333333,55.970202083333334,3.1281250000000003,1009.5190972222223,-17.29861111111111,0.0,2.4503472222222222,12,Winter
2013-12-31,53.520833333333336,155.0,24.524305555555557,51.592013888888886,1239.5833333333333,63.02455,4.308680555555555,1006.3368055555555,-14.428819444444445,0.0,2.939236111111111,12,Winter
2014-01-01,49.77430555555555,119.22222222222223,28.201388888888886,64.04166666666667,1485.9375,50.41370270833334,3.9670138888888893,1008.5777777777779,-12.097569444444444,0.0,1.920486111111111,1,Winter
2014-01-02,118.1701388888889,172.6909722222222,71.31597222222221,93.4375,3404.1666666666665,15.084015833333334,1.5847222222222221,1012.0527777777778,-7.440277777777777,0.0,1.028125,1,Winter
2014-01-03,48.140625,99.22743055555554,29.810763888888886,52.98090277777777,1516.4930555555557,49.4102775,4.105208333333334,1016.2111111111111,-11.535069444444446,0.0,1.9625000000000001,1,Winter
2014-01-04,120.75347222222223,151.90625,42.32986111111111,77.15972222222221,2847.9166666666665,13.830289166666667,-1.346875,1016.3194444444445,-5.863194444444445,0.0,1.0986111111111112,1,Winter
2014-01-05,86.33333333333333,100.01388888888887,35.333333333333336,64.85069444444444,2545.486111111111,41.22425916666666,0.5510416666666667,1018.3003472222222,-9.374652777777778,0.0,1.5628472222222223,1,Winter
2014-01-06,141.51215277777777,146.73263888888889,47.833333333333336,69.30034722222221,2395.1388888888887,12.701562500000001,-0.703125,1019.4885416666666,-4.189583333333333,0.0,1.3659722222222221,1,Winter
2014-01-07,97.62847222222223,100.40625,32.78819444444444,55.98784722222222,1732.986111111111,41.27782416666667,1.2614583333333333,1020.9892361111112,-11.489930555555555,0.0,1.9472222222222222,1,Winter
2014-01-08,16.45486111111111,21.371527777777775,14.208333333333334,22.930555555555554,509.72222222222223,52.70825249999999,-2.5256944444444445,1027.2947916666665,-20.86145833333333,0.0,2.401388888888889,1,Winter
2014-01-09,29.409722222222218,52.8125,19.850694444444443,35.41493055555556,782.9861111111112,49.59701416666667,-3.6857638888888893,1025.2631944444445,-23.462500000000002,0.0,2.178125,1,Winter
2014-01-10,69.86805555555556,96.24652777777777,53.920138888888886,71.66840277777779,1863.5416666666667,22.652442500000003,-3.883680555555556,1024.367013888889,-20.254166666666666,0.0,1.3930555555555557,1,Winter
2014-01-11,120.1111111111111,138.2847222222222,78.22569444444444,94.32118055555554,2792.0138888888887,13.2964125,-2.2774305555555556,1024.1590277777777,-17.607638888888886,0.0,1.2677083333333334,1,Winter
2014-01-12,24.003472222222218,37.72222222222222,26.166666666666668,37.755208333333336,676.7361111111111,54.7060075,-1.1100694444444443,1029.3527777777779,-20.460069444444443,0.0,2.0076388888888888,1,Winter
2014-01-13,90.83159722222223,112.60763888888887,67.46701388888889,79.66319444444444,2164.409722222222,21.073935833333334,-3.9145833333333333,1025.3954861111113,-17.076041666666665,0.0,1.020138888888889,1,Winter
2014-01-14,89.93923611111113,107.92534722222223,72.10590277777779,77.25694444444444,2365.277777777778,22.973114166666665,-3.107638888888889,1027.476388888889,-15.4375,0.0,1.1895833333333332,1,Winter
2014-01-15,152.1753472222222,181.91145833333334,81.22569444444444,97.18402777777777,2935.243055555555,17.9191675,-2.214583333333333,1024.429513888889,-14.288541666666667,0.0,0.9930555555555555,1,Winter
2014-01-16,342.70659722222223,372.40625,113.6875,121.15972222222223,4424.652777777778,19.693345833333336,-0.000347222222222221,1021.6958333333333,-8.734375,0.0,1.3847222222222222,1,Winter
2014-01-17,167.0719246031746,163.33283730158732,69.11987433862434,77.11541005291005,2408.4325396825393,29.102940833333335,-0.11423611111111114,1024.9024305555556,-8.92013888888889,0.0,1.8427083333333334,1,Winter
2014-01-18,91.49751984126983,100.38417658730158,45.61970899470899,73.38632605820106,1861.185515873016,33.1494405952381,0.4534722222222223,1026.2611111111112,-13.269097222222223,0.0,1.7625,1,Winter
2014-01-19,118.95833333333333,188.83506944444443,74.37847222222221,70.7492899478974,2535.4166666666665,41.385416666666664,0.25625000000000003,1018.4472222222222,-10.28888888888889,0.0,2.390625,1,Winter
2014-01-20,8.510416666666666,32.46180555555555,7.09375,15.087340707025433,326.27314814814815,66.5,-0.24131944444444442,1023.7423611111112,-18.349652777777777,0.0,3.608333333333333,1,Winter
2014-01-21,40.13194444444444,49.4375,35.38194444444444,44.7396349141979,989.699074074074,51.84375,-1.4340277777777777,1025.3833333333334,-18.48263888888889,0.0,1.8555555555555554,1,Winter
2014-01-22,118.49488304093568,137.91767178362574,75.05418494152046,84.70680836675947,2295.6414473684213,21.291666666666668,-2.1079861111111113,1017.1885416666665,-15.998958333333333,0.0,1.0222222222222224,1,Winter
2014-01-23,220.43393640350874,255.18823099415204,120.68887061403508,114.27268008742722,3913.0391081871344,9.66374269005848,-2.0538194444444446,1010.3767361111112,-12.634722222222223,0.0,1.0531249999999999,1,Winter
2014-01-24,148.27951388888889,162.39583333333334,79.53472222222223,86.92681935195462,2781.944444444445,24.715277777777782,2.867361111111111,1011.6006944444445,-13.512847222222222,0.0,1.1989583333333333,1,Winter
2014-01-25,23.75,44.486111111111114,24.86111111111111,39.386605546306576,823.2638888888888,62.06597222222222,3.196875,1021.1041666666666,-17.022222222222222,0.0,1.8868055555555554,1,Winter
2014-01-26,54.350694444444436,82.40625,46.50694444444445,46.55125285176964,993.5763888888888,47.104166666666664,-0.6888888888888888,1022.0951388888889,-8.442361111111111,0.0,1.861111111111111,1,Winter
2014-01-27,87.9548611111111,114.2048611111111,56.369791666666664,57.28013626834382,1689.9305555555557,56.619791666666664,1.4291666666666665,1013.384375,-12.17847222222222,0.0,1.84375,1,Winter
2014-01-28,41.47048611111111,76.99826388888889,30.428819444444443,41.19131135158465,936.8055555555557,62.578125,0.7923611111111111,1021.0496527777777,-13.361458333333333,0.0,1.995486111111111,1,Winter
2014-01-29,119.0798611111111,142.10590277777777,72.77083333333333,72.77436143482551,2282.6388888888887,33.229166666666664,-1.6100694444444443,1008.3548611111111,-7.563541666666667,0.0,1.2920138888888888,1,Winter
2014-01-30,68.44097222222221,89.4982638888889,38.47743055555555,45.027550406955235,1164.0625,68.13020833333333,2.977083333333333,1011.8309027777777,-14.181597222222223,0.0,1.9760416666666665,1,Winter
2014-01-31,143.85416666666666,181.85763888888889,64.3923611111111,48.8796977124183,1450.0,40.677083333333336,0.8041666666666666,1013.1434027777779,-4.6871527777777775,0.0,1.392361111111111,1,Winter
2014-02-01,139.75347222222223,139.76388888888889,53.74305555555555,58.46969224010359,1984.0277777777776,16.40625,2.814583333333333,1009.5434027777778,-1.0364583333333333,0.0,1.2493055555555557,2,Winter
2014-02-02,67.83680555555556,93.484375,19.979166666666668,34.45414948708712,1254.861111111111,73.625,4.266666666666667,1009.2937499999999,-13.28263888888889,0.0,2.6395833333333334,2,Winter
2014-02-03,5.899305555555556,30.097222222222218,5.871527777777778,13.677816955805548,304.51388888888886,74.07291666666667,-1.0854166666666665,1020.9239583333334,-27.42986111111111,0.0,3.8333333333333335,2,Winter
2014-02-04,25.586805555555557,40.541666666666664,19.59375,26.04971633241871,604.8611111111111,69.32291666666667,-2.5944444444444446,1023.1486111111112,-27.253472222222218,0.0,2.017708333333333,2,Winter
2014-02-05,88.9236111111111,101.91319444444444,53.72222222222222,51.05710090640029,1606.5972222222224,45.572916666666664,-3.123958333333333,1022.2079861111112,-16.344444444444445,0.0,1.234375,2,Winter
2014-02-06,122.96736111111112,120.38958333333333,65.46041666666666,64.76237321186336,2047.222222222222,39.104166666666664,-1.8173611111111112,1023.5184027777777,-11.073611111111111,0.0,1.2180555555555557,2,Winter
2014-02-07,96.67152777777778,74.93333333333334,35.08472222222222,53.92389551732643,1446.1805555555557,35.354166666666664,-3.0347222222222228,1020.5013888888889,-5.606249999999999,0.16076388888888885,1.5187499999999998,2,Winter
2014-02-08,58.31423611111111,42.02430555555555,22.333333333333332,37.14132060056727,1044.2708333333333,67.87708333333333,-2.828125,1022.0659722222222,-12.619097222222223,0.027430555555555517,2.4975694444444443,2,Winter
2014-02-09,9.82638888888889,14.111111111111112,16.402777777777775,23.94485679491922,448.4375,67.56875000000001,-5.62048611111111,1030.2413194444446,-20.085069444444443,0.0,2.5343750000000003,2,Winter
2014-02-10,23.89236111111111,23.78298611111111,25.913194444444443,42.27790687816007,727.0833333333334,58.416666666666664,-5.960069444444444,1028.3725694444445,-17.855208333333334,0.0,1.5625,2,Winter
2014-02-11,101.79513888888887,98.24479166666667,59.36284722222222,79.05540140584536,2055.034722222222,39.63715277777778,-5.449305555555555,1021.8451388888889,-13.779166666666667,0.0,1.3125000000000002,2,Winter
2014-02-12,113.95659722222221,107.47916666666667,52.520833333333336,79.14192371130842,2072.743055555555,47.661458333333336,-2.4805555555555556,1026.2100694444443,-13.139583333333333,0.0,1.421875,2,Winter
2014-02-13,190.60763888888889,180.97569444444443,74.82986111111111,84.65379323899371,2860.9375,26.661458333333332,-2.9729166666666664,1028.117361111111,-7.788194444444444,0.0017361111111111,1.3541666666666667,2,Winter
2014-02-14,266.72569444444446,260.09375,75.80208333333333,96.15871832223456,3108.3333333333335,27.864583333333332,-2.567013888888889,1019.8746527777777,-7.076388888888888,0.0,1.0173611111111112,2,Winter
2014-02-15,395.72222222222223,378.6631944444444,101.23784722222223,110.29558784991984,3765.4513888888887,26.328125,-1.2399305555555555,1018.2190972222221,-6.292708333333334,0.0,1.0638888888888889,2,Winter
2014-02-16,294.1979166666667,253.4548611111111,81.08200354609929,87.61896003717959,3140.972222222222,64.02792553191489,1.3965277777777778,1023.0930555555556,-7.172916666666666,0.0,1.3562500000000002,2,Winter
2014-02-17,103.4670138888889,89.17708333333333,69.99745124113475,74.09562714169704,2113.368055555555,60.43971631205674,1.5006944444444443,1028.4958333333334,-11.716319444444444,0.0,1.6201388888888888,2,Winter
2014-02-18,71.09548611111111,71.30208333333333,44.988327423167846,67.64883088924047,1367.5347222222224,49.777039007092206,-0.9920138888888889,1025.442013888889,-9.385763888888889,0.00034722222222221665,1.5520833333333333,2,Winter
2014-02-19,63.41319444444445,62.864583333333336,39.79343971631206,65.1048124145617,1358.3333333333333,60.79144503546099,0.521875,1022.3427083333332,-10.738541666666665,0.0,1.6475694444444446,2,Winter
2014-02-20,205.65277777777774,215.86979166666666,46.963430851063826,88.14782112664416,2355.2083333333335,29.85793439716312,-1.195486111111111,1023.8677083333333,-5.157638888888889,0.0,1.340972222222222,2,Winter
2014-02-21,268.18402777777777,282.23263888888886,70.1736111111111,100.32687446047602,2759.722222222222,26.87673611111111,0.3409722222222222,1021.8715277777778,-4.044097222222223,0.0,0.9968750000000001,2,Winter
2014-02-22,262.82465277777777,292.17013888888886,102.37152777777777,104.20679954371685,3320.659722222222,21.864583333333332,3.0118055555555556,1023.5868055555555,-3.1309027777777776,0.0,1.3284722222222223,2,Winter
2014-02-23,212.21527777777774,241.3159722222222,128.6875,95.56068296029103,3559.0277777777774,17.0,2.189236111111111,1024.3961805555555,-3.430902777777778,0.0,1.1802083333333333,2,Winter
2014-02-24,267.19618055555554,323.2760416666667,127.97743055555556,123.7426913768652,4708.506944444444,19.875,3.407291666666667,1021.0611111111111,-2.693055555555556,0.0,0.9729166666666668,2,Winter
2014-02-25,379.8385416666667,391.3697916666667,85.85243055555556,130.48554653779752,5014.23611111111,16.223958333333332,3.3496527777777776,1019.701388888889,-2.0052083333333335,0.0,0.9583333333333334,2,Winter
2014-02-26,368.1197916666667,357.45659722222223,92.08506944444446,126.80208333333333,4529.340277777777,20.76388888888889,5.028125,1016.7034722222223,0.007986111111111117,0.035416666666666624,1.3774305555555555,2,Winter
2014-02-27,17.47222222222222,11.267361111111109,13.515625,25.184027777777775,457.1180555555556,71.13541666666667,4.055902777777778,1022.6086805555556,-13.105555555555556,0.0,2.43125,2,Winter
2014-02-28,84.48958333333333,88.84027777777777,36.44097222222222,71.9375,1470.138888888889,48.354166666666664,1.3666666666666665,1020.0677083333334,-5.588541666666667,0.0,1.3753472222222223,2,Winter
2014-03-01,73.17708333333333,81.59375,33.427083333333336,63.14236111111111,1410.763888888889,70.90104166666667,5.386458333333334,1017.0100694444444,-12.300347222222221,0.0,1.9614583333333335,3,Spring
2014-03-02,134.49305555555557,164.3125,61.421875,91.88397988505749,2546.180555555555,44.677083333333336,3.9857638888888887,1016.0843749999999,-6.242708333333333,0.0,1.6454861111111112,3,Spring
2014-03-03,218.63888888888889,246.23958333333334,96.97569444444446,102.26185344827586,4168.402777777778,17.9375,1.5725694444444445,1015.7246527777778,-4.020833333333333,0.0,1.259375,3,Spring
2014-03-04,55.64930555555555,62.77777777777778,28.0625,40.291666666666664,1279.861111111111,76.16550925925925,4.876388888888889,1020.2006944444444,-16.481944444444444,0.0,3.0031250000000003,3,Spring
2014-03-05,20.194444444444443,33.50694444444444,17.21875,37.64236111111111,792.7083333333334,67.95833333333333,2.8746527777777775,1022.0729166666666,-18.583333333333332,0.0,2.172916666666667,3,Spring
2014-03-06,16.743055555555554,27.541666666666668,15.107638888888888,29.680555555555554,680.2083333333334,77.41666666666667,3.1222222222222222,1023.4392361111112,-21.179861111111112,0.0,2.390625,3,Spring
2014-03-07,47.96875,69.48263888888889,26.145833333333332,52.328125,1033.6805555555554,64.6875,3.0274305555555556,1022.9319444444445,-16.29201388888889,0.0,1.6947916666666665,3,Spring
2014-03-08,132.74652777777777,161.50694444444443,70.10763888888889,92.51041666666667,2282.6388888888887,42.385416666666664,4.345486111111112,1016.907638888889,-7.777430555555555,0.0,1.4399305555555557,3,Spring
2014-03-09,95.89583333333333,116.37152777777777,46.541666666666664,68.55208333333333,1588.5416666666667,73.38541666666667,3.9315972222222224,1019.7937499999999,-8.214930555555556,0.0,1.6677083333333333,3,Spring
2014-03-10,81.77430555555556,100.95138888888887,54.255208333333336,73.09027777777779,1696.3541666666667,50.135416666666664,3.201041666666667,1017.275,-4.8069444444444445,0.0,1.3503472222222221,3,Spring
2014-03-11,152.953125,185.15625,73.59375,81.2048611111111,2301.0416666666665,72.3125,7.194791666666667,1011.7972222222223,-4.121180555555555,0.0,1.9711805555555557,3,Spring
2014-03-12,10.96875,20.270833333333332,9.11111111111111,25.333333333333332,394.09722222222223,82.44791666666667,7.397916666666666,1019.1847222222223,-16.55173611111111,0.0,2.7145833333333336,3,Spring
2014-03-13,20.602430555555554,74.71527777777779,15.003472222222221,37.17013888888889,604.1666666666666,80.20833333333333,7.497916666666666,1015.3059027777778,-16.834027777777777,0.0,2.435416666666667,3,Spring
2014-03-14,21.944444444444443,79.59375,13.9375,31.708333333333332,505.2083333333333,86.4375,11.057638888888889,1011.4694444444444,-14.795138888888891,0.0,2.5565972222222224,3,Spring
2014-03-15,94.87847222222221,173.42013888888889,43.90625,89.58680555555556,1461.4583333333333,60.9375,11.553819444444445,1004.728125,-7.370833333333334,0.0,1.2090277777777778,3,Spring
2014-03-16,113.91319444444444,198.6423611111111,77.40277777777777,73.22569444444444,2111.4583333333335,98.02083333333333,11.645138888888889,1008.7947916666667,-4.612847222222222,0.0,1.6760416666666667,3,Spring
2014-03-17,81.99652777777779,240.21006944444443,27.53298611111111,49.76736111111111,1170.138888888889,83.59375,13.296180555555557,1006.4920138888889,-3.8732638888888893,0.0,2.6781249999999996,3,Spring
2014-03-18,36.14236111111111,119.21180555555554,17.23263888888889,36.239583333333336,598.6111111111111,92.32291666666667,11.918402777777779,1015.7798611111111,-5.9118055555555555,0.0,2.3315972222222223,3,Spring
2014-03-19,47.45486111111111,90.84027777777777,17.840277777777775,46.006944444444436,769.4444444444445,82.84375,8.939930555555556,1016.8288194444444,-6.091666666666668,0.0,1.9805555555555558,3,Spring
2014-03-20,11.21875,28.628472222222218,5.815972222222222,23.25,384.72222222222223,88.14583333333333,12.065972222222221,1020.0357638888889,-11.21215277777778,0.0,2.4006944444444445,3,Spring
2014-03-21,25.840277777777775,68.73958333333333,11.934027777777779,44.18055555555555,621.5277777777778,92.57395833333334,14.270138888888889,1013.5746527777778,-9.104861111111111,0.0,2.073611111111111,3,Spring
2014-03-22,48.27777777777777,121.62152777777777,17.260416666666668,54.631944444444436,839.9305555555555,96.40625,14.577430555555557,1011.8111111111111,-8.854166666666668,0.0,2.0968750000000003,3,Spring
2014-03-23,135.04861111111111,185.05208333333334,44.381944444444436,69.1423611111111,1550.0,146.60416666666666,12.943055555555555,1016.7229166666667,-1.7079861111111112,0.0,1.6156249999999999,3,Spring
2014-03-24,219.91319444444443,251.2847222222222,53.0,98.6701388888889,1960.0694444444443,117.5625,13.186458333333334,1007.4534722222223,2.780208333333334,0.0,1.3222222222222222,3,Spring
2014-03-25,207.22743055555554,239.69965277777774,44.65277777777777,97.28125,1690.9722222222224,161.17708333333334,15.254166666666668,1004.0020833333333,3.868402777777778,0.0,1.2163194444444445,3,Spring
2014-03-26,271.6163194444444,313.68055555555554,45.256944444444436,112.14930555555554,1959.722222222222,138.64583333333334,15.721527777777778,1004.0309027777777,7.894791666666667,0.0,1.1961805555555556,3,Spring
2014-03-27,247.67013888888889,281.52777777777777,35.85243055555555,105.61284722222221,2365.4513888888887,86.5625,13.564236111111112,1005.1750000000001,7.516319444444445,0.0,1.2329861111111111,3,Spring
2014-03-28,125.06944444444444,159.52083333333334,24.78125,65.71527777777779,1633.1597222222224,90.390625,16.226041666666667,1001.9347222222221,8.561111111111112,0.059374999999999976,1.4593749999999999,3,Spring
2014-03-29,39.93923611111111,75.78125,8.01388888888889,38.09722222222222,580.2083333333334,96.66666666666667,17.179166666666667,1006.6927083333334,2.179513888888889,0.0,2.095486111111111,3,Spring
2014-03-30,31.8125,75.12152777777777,8.836805555555555,56.71527777777777,531.25,94.22916666666667,18.31423611111111,1008.9486111111111,-1.3534722222222222,0.0,1.4756944444444446,3,Spring
2014-03-31,130.28125,175.37152777777774,32.64236111111111,80.32986111111111,1702.0833333333333,90.60416666666667,16.817708333333332,1009.1173611111111,5.354861111111112,0.0,1.585763888888889,3,Spring
2014-04-01,115.65625,112.71875,15.560763888888888,63.96006944444445,1021.3541666666666,126.29166666666667,16.655208333333334,1005.8663194444443,5.106944444444444,0.0,1.6381944444444445,4,Spring
2014-04-02,100.19444444444446,156.3125,21.420138888888886,58.34375,987.326388888889,135.51041666666666,16.963194444444444,1008.9423611111112,3.2961805555555554,0.0,2.1510416666666665,4,Spring
2014-04-03,23.29861111111111,72.5625,6.300347222222222,36.24305555555555,451.0416666666667,94.39583333333333,14.094444444444443,1017.0920138888888,-11.935069444444444,0.0,2.765972222222222,4,Spring
2014-04-04,32.61284722222222,132.71875,9.069444444444445,40.59722222222222,562.8472222222223,100.80208333333333,14.926736111111111,1008.7385416666666,-7.377777777777777,0.0,2.771875,4,Spring
2014-04-05,22.447916666666668,79.35069444444444,6.588541666666667,29.461805555555557,382.6388888888889,102.32291666666667,13.413194444444445,1015.8496527777778,-8.4125,0.0,2.317013888888889,4,Spring
2014-04-06,52.5625,138.20486111111111,12.954861111111112,58.229166666666664,661.8055555555555,107.60416666666667,16.15625,1011.0163194444444,-4.295833333333333,0.0,2.2114583333333333,4,Spring
2014-04-07,100.13541666666667,179.21875,21.211805555555554,63.88715277777778,808.3333333333334,145.86458333333334,16.87951388888889,1006.8375000000001,1.2854166666666667,0.0,1.2368055555555555,4,Spring
2014-04-08,175.484375,238.6892361111111,38.279513888888886,83.22222222222223,1464.4097222222224,181.80729166666666,17.935416666666665,1006.6840277777778,5.454861111111111,0.0,1.605902777777778,4,Spring
2014-04-09,121.4982638888889,228.65451388888889,19.579427083333332,51.147569444444436,932.8125,152.24479166666666,21.122569444444444,1005.1340277777778,2.876736111111111,0.0,2.2041666666666666,4,Spring
2014-04-10,87.09375,385.390625,27.264322916666668,52.05902777777777,1290.1041666666667,91.57291666666667,16.020833333333332,1015.4795138888888,-0.1704861111111111,0.0,1.5902777777777777,4,Spring
2014-04-11,60.607638888888886,114.23958333333333,17.68402777777778,60.661458333333336,965.1041666666666,96.52083333333333,14.404513888888888,1012.7097222222222,0.038541666666666564,0.0,1.2822916666666668,4,Spring
2014-04-12,101.00347222222221,136.74305555555557,25.04861111111111,73.484375,1413.5416666666667,136.25,14.827430555555557,1009.7954861111111,0.9291666666666667,0.0,1.3947916666666667,4,Spring
2014-04-13,167.46207264957266,194.5046741452991,27.027911324786327,73.33360042735042,1318.3627136752136,196.4755608974359,16.595138888888886,1010.7590277777778,5.9899305555555555,0.0,1.3857638888888888,4,Spring
2014-04-14,233.16639957264954,253.54740918803418,33.39049145299145,77.00320512820512,1859.7622863247864,194.4551282051282,18.799305555555556,1009.8496527777778,10.577777777777778,0.0,1.413888888888889,4,Spring
2014-04-15,89.88368055555556,144.04513888888889,17.006944444444446,60.600694444444436,946.1805555555555,130.90344551282053,17.564930555555556,1012.5333333333334,6.257638888888889,0.0,1.7583333333333335,4,Spring
2014-04-16,57.62847222222222,114.93055555555556,12.940972222222221,68.63194444444444,750.8680555555555,81.14583333333333,16.464583333333334,1007.5572916666666,-0.35312500000000013,0.0,0.8847222222222223,4,Spring
2014-04-17,92.30902777777777,121.375,19.413194444444443,71.33680555555556,1382.638888888889,102.59375,14.300347222222221,1006.7750000000001,8.071875,0.1506944444444444,1.2201388888888889,4,Spring
2014-04-18,139.6597222222222,132.78125,16.899305555555554,63.427083333333336,1517.5347222222224,118.89583333333333,16.294791666666665,1013.1434027777777,8.967708333333333,0.0,1.5718750000000001,4,Spring
2014-04-19,62.857638888888886,80.9375,16.03125,64.75694444444444,776.3888888888888,88.23958333333333,12.982291666666667,1014.3680555555555,2.7885416666666667,0.0,1.6239583333333334,4,Spring
2014-04-20,60.670138888888886,72.86458333333333,8.298611111111112,54.15277777777778,656.25,99.375,15.138541666666667,1010.2336805555556,2.555555555555556,0.0,1.5041666666666667,4,Spring
2014-04-21,49.59722222222222,73.71527777777779,7.505208333333333,55.107638888888886,561.8055555555555,107.79166666666667,17.50034722222222,1009.6020833333333,0.48159722222222207,0.0,1.723263888888889,4,Spring
2014-04-22,60.131944444444436,98.86458333333333,9.899305555555555,55.267361111111114,579.5138888888888,142.125,18.93298611111111,1006.8395833333333,2.4631944444444445,0.0,1.9239583333333334,4,Spring
2014-04-23,121.77604166666667,152.92708333333334,23.069444444444443,41.99652777777778,935.7638888888888,149.80208333333334,19.572916666666664,1004.0965277777779,11.11597222222222,0.017013888888888867,1.8555555555555554,4,Spring
2014-04-24,113.5798611111111,131.59722222222223,19.184027777777775,44.80555555555555,892.0138888888888,143.0625,19.44861111111111,1007.9857638888889,11.750694444444443,0.0,1.6222222222222225,4,Spring
2014-04-25,132.23958333333334,190.04947916666666,21.600378787878785,70.45202020202021,1051.1363636363637,154.27083333333334,19.052777777777777,1010.5854166666667,9.422916666666667,0.29201388888888885,1.8916666666666666,4,Spring
2014-04-26,47.60360576923077,91.84250801282052,5.120668220668221,25.252840909090907,371.1446192696192,101.63738344988344,16.526041666666668,1013.9885416666666,5.626736111111112,0.12256944444444438,1.9208333333333332,4,Spring
2014-04-27,61.80833333333333,94.57013888888889,7.30798611111111,43.83506944444445,592.3263888888889,118.46153846153845,17.9375,1014.1281250000001,4.713541666666667,0.0,1.8635416666666667,4,Spring
2014-04-28,69.19957264957264,104.80897435897435,9.960149572649573,50.838541666666664,720.9161324786324,130.98557692307693,19.106944444444444,1012.5913194444446,5.0881944444444445,0.0,1.4947916666666667,4,Spring
2014-04-29,96.40136440527067,141.98193776709402,17.48868189102564,65.53255208333333,920.6396901709401,174.59375,19.711805555555554,1006.7611111111111,6.232638888888889,0.0,1.6395833333333334,4,Spring
2014-04-30,106.18677662037038,153.58203125,20.76171875,60.736545138888886,952.8645833333334,200.21875,21.210763888888888,1002.5597222222223,9.817361111111111,0.0,1.703125,4,Spring
2014-05-01,120.0625,178.29166666666666,18.399305555555554,41.90277777777778,845.4861111111112,166.1875,19.898263888888888,1002.0631944444444,10.417361111111111,0.12222222222222218,2.4819444444444447,5,Spring
2014-05-02,22.784722222222218,47.00694444444445,3.0104166666666665,19.95138888888889,280.2083333333333,95.6875,15.936458333333334,1009.8222222222222,-1.7479166666666668,0.0034722222222221912,3.170138888888889,5,Spring
2014-05-03,39.857638888888886,133.64236111111111,6.609375,41.623263888888886,418.2291666666667,94.51041666666667,15.630555555555555,1006.7267361111111,-0.9743055555555555,0.00034722222222221665,3.359375,5,Spring
2014-05-04,27.980902777777775,59.076388888888886,3.460069444444444,17.147569444444443,347.5694444444444,86.65104166666667,12.936111111111112,1011.5503472222222,-9.524305555555555,0.0,3.695138888888889,5,Spring
2014-05-05,36.85503472222222,64.03559027777779,4.033854166666667,36.22222222222222,429.1666666666667,99.06770833333333,14.486111111111112,1010.8982638888889,-6.375,0.0,1.9927083333333335,5,Spring
2014-05-06,85.004898852657,133.1170516304348,27.640293560606057,60.550673400673396,903.9772727272726,114.82256944444445,15.814236111111112,1001.8381944444444,3.2447916666666665,0.009374999999999958,1.4611111111111112,5,Spring
2014-05-07,63.032080314009654,97.12756642512078,11.42550505050505,42.74342382154882,842.2032828282828,101.8611111111111,18.982638888888886,1000.6947916666667,0.6260416666666666,0.0,2.1725694444444446,5,Spring
2014-05-08,74.65798611111111,107.25520833333333,15.545138888888888,45.74652777777777,993.4027777777778,157.09375,17.73472222222222,1007.8576388888888,6.387847222222223,0.0,1.909375,5,Spring
2014-05-09,61.736111111111114,106.11284722222223,32.994791666666664,52.920138888888886,1319.6180555555554,119.89583333333333,17.566319444444442,1008.7062500000001,5.6194444444444445,0.0,1.9513888888888886,5,Spring
2014-05-10,50.55902777777777,87.2951388888889,27.31423611111111,49.850694444444436,1172.5694444444446,111.40625,16.821180555555554,1009.8385416666666,6.249652777777778,0.043055555555555514,1.5847222222222221,5,Spring
2014-05-11,23.39236111111111,26.628472222222218,3.4236111111111107,28.868055555555554,815.2777777777778,92.8125,12.03888888888889,1000.1576388888889,9.965972222222222,0.9805555555555555,1.5711805555555554,5,Spring
2014-05-12,34.98569444444444,66.05930555555555,6.854166666666667,42.63281249999999,645.3125,127.6328125,21.29548611111111,994.353125,8.801041666666668,0.0,2.2305555555555556,5,Spring
2014-05-13,51.54902777777778,117.04902777777778,10.25,53.753993055555554,648.0902777777777,114.125,22.654861111111106,994.4666666666667,4.3225694444444445,0.0,2.38125,5,Spring
2014-05-14,18.07638888888889,63.03472222222222,18.105902777777775,26.107638888888886,293.2291666666667,96.24479166666667,18.489236111111108,999.2934027777778,-1.2406249999999999,0.0,2.300347222222222,5,Spring
2014-05-15,61.713541666666664,187.40451388888889,29.122276157551813,59.838541666666664,546.0069444444445,108.09375,20.519791666666666,994.0569444444445,3.8319444444444444,0.0,1.6128472222222223,5,Spring
2014-05-16,46.07118055555555,123.92534722222223,11.422642874471478,50.360349515199154,561.4583333333334,129.8828125,23.51597222222222,1001.0131944444444,3.9774305555555554,0.0,1.9295138888888888,5,Spring
2014-05-17,56.582754629629626,119.95949074074075,22.81036208151383,63.26190944144954,984.5486111111112,183.79166666666666,21.961458333333336,1006.303125,6.45625,0.0,1.7177083333333334,5,Spring
2014-05-18,80.52141203703704,148.7974537037037,22.08498605046094,59.45022368224019,947.3958333333334,234.77083333333334,23.462500000000002,1002.0826388888889,10.736111111111109,0.013194444444444432,1.7659722222222223,5,Spring
2014-05-19,106.30208333333333,152.4722222222222,13.720721130519165,49.446573637316554,998.9583333333334,211.67708333333334,22.924999999999997,998.3677083333333,15.190277777777778,0.14722222222222217,1.5173611111111114,5,Spring
2014-05-20,78.90972222222223,121.64583333333333,8.974511766132945,49.45309224318658,891.3194444444445,180.27083333333334,25.642013888888886,998.0576388888888,10.396875,0.0,2.045138888888889,5,Spring
2014-05-21,107.39687500000001,169.74131944444443,24.02934406841339,55.55874279350105,1452.0833333333333,239.17708333333334,24.596527777777776,999.2541666666667,13.785069444444446,0.0,1.5052083333333333,5,Spring
2014-05-22,142.5232638888889,204.40590277777778,19.116120815138284,64.88939334381551,1489.0625,202.56770833333334,27.035416666666666,1000.161111111111,13.670833333333334,0.0,2.009722222222222,5,Spring
2014-05-23,80.11805555555556,150.24479166666666,18.64907811741873,54.246953616352194,799.6527777777778,204.34375,27.894791666666666,1003.5593749999999,13.141666666666666,0.0,1.9267361111111112,5,Spring
2014-05-24,76.14236111111111,99.28472222222223,6.576479864143619,48.333333333333336,1004.3402777777778,138.86458333333334,20.9625,1001.8357638888889,18.371875,0.49513888888888885,1.2902777777777776,5,Spring
2014-05-25,67.75347222222221,120.20138888888887,3.043812166424066,31.83637971698113,653.2986111111111,95.69791666666667,23.464583333333334,1000.328125,6.465624999999999,0.001388888888888875,2.7486111111111113,5,Spring
2014-05-26,22.11111111111111,74.58333333333333,5.285450024260068,53.26477332285115,433.3333333333333,130.9375,26.318055555555556,992.8857638888888,3.3774305555555557,0.0,2.0586805555555556,5,Spring
2014-05-27,31.791666666666668,132.93402777777777,4.490629548762737,43.307750262054505,382.1180555555555,101.58333333333333,26.678819444444443,990.2715277777778,3.8902777777777775,0.002083333333333325,3.201388888888889,5,Spring
2014-05-28,31.786458333333332,88.3611111111111,8.621156295487628,53.97572720125786,587.3263888888888,182.8125,28.065972222222225,994.0826388888889,7.060069444444444,0.0,2.1055555555555556,5,Spring
2014-05-29,42.80034722222222,104.18402777777779,10.315919153323629,60.56979968643824,652.0833333333334,182.88541666666666,30.530555555555555,991.9795138888888,9.105208333333334,0.0,1.4229166666666666,5,Spring
2014-05-30,81.61783392434988,155.7076684397163,33.51444974165609,55.53730037329789,1527.0944148936169,302.55718085106383,29.012847222222224,999.7770833333334,12.810416666666667,0.0,1.7840277777777775,5,Spring
2014-05-31,102.82025037610144,187.21990516870835,39.19442711163479,55.2513578445273,2029.2841983666451,252.18794326241132,27.237152777777776,1001.1722222222221,15.313194444444443,0.6135416666666667,1.5979166666666667,5,Spring
2014-06-01,44.42103212980873,55.50741457124436,4.788589550386331,27.404668217110682,687.471120782291,205.33504593810446,23.35833333333333,1002.5715277777778,16.112847222222225,0.4458333333333333,1.8701388888888888,6,Summer
2014-06-02,28.48330378250591,39.40477245862884,3.922209059844942,30.108641468481935,503.6125886524823,148.80695921985816,21.458680555555556,1005.2010416666667,13.697222222222223,0.00034722222222221665,0.9958333333333332,6,Summer
2014-06-03,35.711399231678485,55.68280880614657,7.6980844224555325,40.08834280060517,666.0793439716311,195.04622395833334,25.13611111111111,1001.4760416666667,12.964930555555554,0.0,1.4680555555555557,6,Summer
2014-06-04,55.95659722222222,92.15625,9.503472222222221,50.369791666666664,906.9444444444445,186.77734375,25.20486111111111,999.9993055555556,15.068402777777777,0.0,1.2364583333333334,6,Summer
2014-06-05,61.916666666666664,98.671875,10.677083333333334,47.802083333333336,841.6666666666666,221.38541666666666,27.75451388888889,998.0836805555556,15.877430555555556,0.0,1.3097222222222222,6,Summer
2014-06-06,54.041666666666664,84.05902777777779,10.069444444444445,44.255208333333336,975.6944444444445,184.60416666666666,21.26319444444444,998.5097222222221,17.21875,0.8961805555555556,1.6975694444444445,6,Summer
2014-06-07,9.51736111111111,23.71875,2.375,26.741319444444443,345.4861111111111,100.77083333333333,22.826736111111114,997.7770833333333,10.555902777777776,0.0,1.9680555555555557,6,Summer
2014-06-08,24.98611111111111,53.84027777777778,7.295138888888889,51.86111111111111,658.1597222222223,112.09375,21.254513888888887,996.1111111111112,13.659027777777778,0.1708333333333333,1.3645833333333333,6,Summer
2014-06-09,27.461805555555557,47.640625,6.447916666666667,41.151041666666664,597.5694444444445,138.13541666666666,22.63611111111111,998.6906250000001,12.729166666666666,0.019097222222222193,1.5638888888888889,6,Summer
2014-06-10,66.13715277777777,76.01041666666667,6.470486111111111,41.921875,1159.0277777777778,122.19791666666667,21.271180555555556,1002.6812500000001,16.226736111111112,0.32951388888888883,1.1736111111111112,6,Summer
2014-06-11,42.03819444444444,47.92361111111111,3.1493055555555554,32.05381944444444,744.0972222222222,125.85416666666667,23.966319444444448,1003.529513888889,14.70451388888889,0.0,1.3354166666666665,6,Summer
2014-06-12,25.027777777777782,50.111111111111114,5.914930555555556,38.24652777777778,531.0763888888889,146.46875,27.68541666666667,999.823263888889,13.830555555555556,0.0,1.4802083333333333,6,Summer
2014-06-13,47.645833333333336,76.765625,7.836805555555556,41.10937499999999,842.8819444444445,184.28125,24.81006944444444,1001.2565972222222,17.347569444444446,0.22777777777777775,1.3791666666666667,6,Summer
2014-06-14,36.395833333333336,58.170138888888886,3.409722222222222,36.088541666666664,615.1041666666666,222.02380952380952,25.76597222222222,1000.3000000000001,17.59583333333333,0.0,1.1979166666666667,6,Summer
2014-06-15,103.47222222222223,135.28125,14.473958333333334,50.317708333333336,1194.6180555555554,241.34375,26.237152777777776,998.1743055555556,18.486805555555552,0.3552083333333333,1.278125,6,Summer
2014-06-16,124.40104166666667,138.34201388888889,3.673611111111111,41.232638888888886,1002.9513888888888,203.625,25.599652777777777,996.0277777777778,19.323958333333334,0.013888888888888859,1.3135416666666668,6,Summer
2014-06-17,78.17881944444444,83.03125,3.3802083333333335,33.77430555555555,878.125,170.03125,21.865277777777777,996.4513888888888,18.783680555555556,1.55,1.5086805555555556,6,Summer
2014-06-18,59.239583333333336,69.38020833333333,3.9739583333333335,35.61284722222222,718.0555555555555,176.69791666666666,24.56423611111111,996.5600694444444,17.839583333333334,0.0,1.5288194444444443,6,Summer
2014-06-19,117.19031084656085,126.02579365079366,6.555142195767196,42.00934193121693,1213.4011243386242,162.10416666666666,23.89097222222222,998.4093750000001,18.954166666666666,0.2815972222222222,1.5836805555555553,6,Summer
2014-06-20,43.65140110996089,49.57459886128364,2.661871693121693,27.154229928686448,803.2881872555786,143.52232142857142,22.942708333333332,1001.0749999999999,17.57673611111111,0.5857638888888889,1.4822916666666668,6,Summer
2014-06-21,67.48988526570048,69.54196859903381,4.720486111111111,33.636775362318836,971.5051328502415,154.39583333333334,22.161805555555556,1002.4618055555555,17.37847222222222,0.32361111111111107,1.3868055555555554,6,Summer
2014-06-22,30.194444444444443,39.28472222222222,2.40625,29.402777777777775,589.1666666666666,148.28125,22.272569444444443,1002.7208333333333,16.747916666666665,0.00104166666666665,1.3020833333333333,6,Summer
2014-06-23,22.484375,40.75,2.237847222222222,35.098958333333336,461.0069444444445,172.33333333333334,25.069444444444443,1001.4708333333334,15.020138888888889,0.0,1.2746527777777779,6,Summer
2014-06-24,50.60590277777778,83.95138888888889,5.6180555555555545,49.40625,735.7638888888888,221.609375,26.52361111111111,998.0520833333334,16.635069444444444,0.0,1.51875,6,Summer
2014-06-25,100.54166666666667,120.33680555555556,11.03125,48.71180555555555,1213.5416666666667,171.91666666666666,24.564930555555552,997.1930555555555,19.320833333333333,0.008333333333333316,1.479861111111111,6,Summer
2014-06-26,121.02256944444444,128.74479166666666,4.001736111111112,33.557291666666664,1048.0902777777778,208.76736111111111,27.251041666666666,996.8256944444444,20.613541666666666,0.04722222222222222,1.3552083333333333,6,Summer
2014-06-27,18.49826388888889,33.73611111111111,2.9583333333333335,34.20833333333333,424.1319444444445,125.67708333333333,28.53159722222222,1000.3156249999998,12.595486111111112,0.0,1.8486111111111112,6,Summer
2014-06-28,19.56597222222222,44.385416666666664,4.909722222222222,38.96180555555555,425.0,128.10416666666666,29.050694444444442,999.2357638888889,12.775347222222223,0.0,1.5131944444444443,6,Summer
2014-06-29,44.3125,83.21180555555556,11.376736111111112,45.689236111111114,1061.8055555555554,226.40104166666666,28.703819444444445,999.6597222222222,16.505902777777777,0.0,1.3197916666666667,6,Summer
2014-06-30,72.47743055555556,115.87847222222223,14.899305555555555,51.201388888888886,1143.75,247.65625,29.36736111111111,999.3722222222223,17.257986111111112,0.0,1.5107638888888888,6,Summer
2014-07-01,108.25347222222221,144.59375,23.222222222222225,42.89409722222222,1148.9583333333333,229.95833333333334,27.49965277777778,998.2947916666667,19.226041666666664,0.8086805555555555,1.6895833333333332,7,Summer
2014-07-02,56.376736111111114,59.708333333333336,3.1458333333333335,28.402777777777775,879.5138888888888,194.41666666666666,23.177430555555556,996.9541666666668,21.287847222222222,0.2982638888888889,1.1069444444444445,7,Summer
2014-07-03,194.04513888888889,191.88888888888889,5.177083333333333,38.873263888888886,1296.267361111111,160.75325520833334,25.885416666666668,995.0836805555555,22.64097222222222,0.003819444444444433,1.0,7,Summer
2014-07-04,185.16840277777774,186.609375,4.105902777777778,38.447916666666664,1266.232638888889,202.92708333333334,27.76527777777778,998.5458333333332,22.922569444444445,0.0,1.3881944444444443,7,Summer
2014-07-05,133.02291666666665,136.67743055555556,3.991319444444444,36.12534722222222,1150.8680555555557,188.6361111111111,27.714930555555554,1000.4413194444445,21.775000000000002,0.0,1.680208333333333,7,Summer
2014-07-06,201.30902777777774,204.6458333333333,8.0625,33.734375,1330.5555555555557,202.93229166666666,28.071180555555554,998.6656250000001,23.03125,0.0,1.534722222222222,7,Summer
2014-07-07,163.6875,170.94444444444446,9.119791666666666,39.56423611111111,1183.5069444444446,196.68229166666666,28.2,996.384375,22.869444444444444,0.04722222222222222,1.5618055555555557,7,Summer
2014-07-08,95.1028549382716,107.90650077160494,8.059375,38.976080246913575,831.6743827160494,154.078125,28.762152777777775,996.0864583333333,17.136458333333334,0.0,1.5916666666666668,7,Summer
2014-07-09,22.933256172839506,51.89332561728395,5.401041666666667,46.78433641975309,536.5547839506172,106.8125,27.42222222222222,997.9677083333335,14.852430555555557,0.0,1.3225694444444445,7,Summer
2014-07-10,27.769930555555558,68.889375,8.304027777777778,44.34284722222222,533.2430555555555,175.77374999999998,29.76597222222222,993.6899305555556,15.385416666666666,0.0,1.7593750000000001,7,Summer
2014-07-11,25.258541666666662,57.896388888888886,4.8966666666666665,39.89847222222222,456.6875,142.71791666666667,29.54375,993.7725694444443,14.755555555555555,0.0,1.5600694444444445,7,Summer
2014-07-12,12.045138888888888,30.29861111111111,2.6736111111111107,30.902777777777775,308.3333333333333,135.16666666666666,29.105902777777775,996.2225694444445,12.115625,0.0,1.7937500000000002,7,Summer
2014-07-13,15.883680555555557,43.61284722222222,3.1354166666666665,37.23611111111111,389.4097222222222,117.69791666666667,28.050694444444442,996.1979166666666,14.219444444444443,0.0427083333333333,1.5322916666666666,7,Summer
2014-07-14,25.694444444444443,56.18402777777777,4.545138888888889,42.536458333333336,512.6736111111112,219.6875,28.805555555555554,996.1715277777779,15.491319444444443,0.0,1.372222222222222,7,Summer
2014-07-15,46.15277777777778,109.14756944444444,5.585069444444444,28.401041666666668,544.7916666666666,205.23958333333334,27.569791666666664,997.4708333333333,18.01423611111111,0.09340277777777771,2.0,7,Summer
2014-07-16,104.2951388888889,112.60590277777777,5.03125,40.1875,915.1589912280701,175.33333333333334,25.278125,997.5597222222223,21.186805555555555,0.6284722222222222,1.3729166666666668,7,Summer
2014-07-17,132.19444444444446,134.39930555555557,4.444444444444445,40.322916666666664,1755.857090643275,144.58333333333334,25.67638888888889,999.7309027777778,22.063194444444445,0.0010416666666666584,1.1253472222222223,7,Summer
2014-07-18,141.29861111111111,147.10590277777777,7.0,36.81423611111111,1608.1505847953215,211.82291666666666,29.209722222222222,1000.8461805555556,23.427777777777777,0.0,1.2503472222222223,7,Summer
2014-07-19,82.25555555555556,104.51597222222222,3.0631944444444446,32.66111111111111,753.4722222222222,176.3322916666667,31.24201388888889,1001.8461805555556,23.894444444444446,0.006944444444444426,1.6961805555555554,7,Summer
2014-07-20,68.57986111111111,84.20138888888889,4.027777777777778,25.02916666666667,727.7777777777778,181.65833333333333,31.053819444444443,998.359375,24.252430555555552,0.0,1.9534722222222223,7,Summer
2014-07-21,25.975694444444443,38.37152777777778,4.930555555555556,23.805555555555554,479.1666666666667,139.63541666666666,30.566319444444442,996.0871527777778,18.83125,0.02326388888888886,2.0635416666666666,7,Summer
2014-07-22,11.748611111111112,31.012152777777775,7.073611111111112,39.66631944444445,472.84722222222223,77.8125,27.373958333333334,1000.2746527777778,16.930902777777778,0.0006944444444444417,1.2458333333333333,7,Summer
2014-07-23,25.793055555555554,65.39930555555556,5.853472222222222,59.27291666666667,706.8402777777778,95.11596200980392,26.75,997.7309027777777,18.53576388888889,0.0,0.922222222222222,7,Summer
2014-07-24,61.526041666666664,100.7204861111111,6.395833333333333,68.8923611111111,976.388888888889,111.42585784313725,26.181597222222223,999.4121527777778,20.354166666666668,0.0034722222222222,1.03125,7,Summer
2014-07-25,62.95423315602837,80.85069444444444,7.119791666666667,41.73611111111111,1199.826388888889,191.74142156862743,27.712152777777778,999.6152777777778,17.50173611111111,0.0,1.6774305555555555,7,Summer
2014-07-26,91.17590130023639,129.98611111111111,10.385416666666666,39.447916666666664,1193.75,261.2291666666667,29.22986111111111,1002.0020833333333,18.41909722222222,0.0,1.7770833333333333,7,Summer
2014-07-27,101.6067523640662,148.3125,17.859375,36.52430555555555,985.4166666666666,259.7916666666667,29.51875,1001.63125,18.541319444444444,0.0,1.7972222222222223,7,Summer
2014-07-28,109.7910756501182,143.74131944444443,8.79861111111111,32.08159722222222,933.3333333333334,216.43923611111111,29.624305555555555,997.7041666666668,20.315624999999997,0.0,1.9048611111111111,7,Summer
2014-07-29,117.84182919621749,144.56770833333334,5.006944444444445,28.215277777777775,842.7083333333334,192.02546296296296,29.163541666666664,996.7687500000001,21.225694444444443,0.3524305555555556,2.286111111111111,7,Summer
2014-07-30,120.26041666666667,122.13194444444444,2.8645833333333335,27.70138888888889,1368.0555555555557,170.125,25.41076388888889,999.4559027777777,22.447569444444444,0.5437500000000001,1.242361111111111,7,Summer
2014-07-31,193.59131944444445,194.48715277777774,3.5173611111111107,34.426736111111104,1605.2083333333333,209.36041666666665,27.621527777777775,1000.6506944444444,22.871527777777775,0.00034722222222221665,1.3743055555555557,7,Summer
2014-08-01,151.25,154.54166666666666,3.465277777777778,34.77951388888889,1345.6597222222222,198.44791666666666,28.179513888888888,1000.0500000000001,23.329513888888886,0.002083333333333325,1.3434027777777777,8,Summer
2014-08-02,124.77430555555556,133.26736111111111,3.1614583333333335,39.81597222222222,1074.3055555555554,220.80208333333334,29.525694444444444,996.939236111111,24.328819444444445,0.0,1.222222222222222,8,Summer
2014-08-03,114.03263888888888,123.3,2.733333333333333,39.16770833333333,1025.3472222222222,193.08901515151516,29.378124999999997,994.9184027777778,24.266666666666666,0.0,1.1111111111111112,8,Summer
2014-08-04,30.54444444444444,38.19895833333333,2.7725694444444446,35.78541666666666,603.125,96.65814393939394,24.091666666666665,998.4246527777777,20.771527777777777,0.3826388888888889,1.4364583333333334,8,Summer
2014-08-05,24.85659722222222,41.23854166666667,5.484375,34.240860215053765,577.0833333333334,136.82291666666666,25.342708333333334,1000.5381944444445,19.010069444444444,0.0,1.151736111111111,8,Summer
2014-08-06,30.73645833333333,54.628819444444446,3.09375,41.96191756272402,565.625,113.875,27.89548611111111,1001.2090277777778,15.758333333333333,0.0,1.4784722222222222,8,Summer
2014-08-07,61.572916666666664,88.27083333333333,10.447916666666666,44.30555555555555,1138.5416666666667,225.66145833333334,27.32604166666667,1002.9232638888889,16.834374999999998,0.0,1.6104166666666668,8,Summer
2014-08-08,64.98090277777777,93.67708333333333,8.213541666666666,43.890625,1064.236111111111,203.61458333333334,26.924305555555552,1002.2559027777778,16.658333333333335,0.0,1.5684027777777778,8,Summer
2014-08-09,84.41319444444444,115.02777777777777,9.260416666666666,41.40277777777778,1088.1944444444443,207.61458333333334,25.868055555555554,999.7920138888888,17.46597222222222,0.3284722222222222,1.6187500000000001,8,Summer
2014-08-10,33.21875,47.78472222222222,3.1267361111111107,33.651041666666664,603.4722222222222,186.6875,26.318402777777777,996.9520833333332,18.764930555555555,0.0013888888888888666,1.4590277777777778,8,Summer
2014-08-11,22.635416666666668,40.09027777777778,3.0729166666666665,37.413888888888884,463.1944444444444,138.77083333333334,28.209027777777777,998.2125,13.661458333333334,0.0,1.6420138888888889,8,Summer
2014-08-12,25.355787037037036,49.18298611111111,4.980555555555555,43.45902777777778,632.4652777777777,179.88541666666666,26.837847222222223,999.8065972222222,13.721180555555556,0.10555555555555556,1.4572916666666667,8,Summer
2014-08-13,28.190393518518515,32.63923611111111,2.0663194444444444,34.58159722222222,613.0208333333334,136.375,20.783680555555552,1002.2239583333334,18.791666666666668,0.4142361111111111,1.0621527777777777,8,Summer
2014-08-14,31.98206018518518,39.630208333333336,3.905902777777778,39.078125,631.9444444444445,164.70833333333334,23.440277777777776,1001.3041666666668,17.037847222222222,0.00104166666666665,1.4131944444444446,8,Summer
2014-08-15,36.51273148148148,62.682291666666664,5.107638888888888,48.20659722222222,623.2638888888889,166.85416666666666,25.572222222222223,1000.3729166666667,16.604166666666668,0.0010416666666666584,1.3163194444444446,8,Summer
2014-08-16,54.44756944444444,87.22222222222223,6.58263888888889,48.35347222222222,862.5,223.16666666666666,26.94479166666667,1001.5097222222222,17.590972222222224,0.0,1.3583333333333334,8,Summer
2014-08-17,53.96805555555556,79.63125,4.611111111111112,31.888888888888886,778.4722222222222,187.40625,26.57083333333333,1003.7895833333333,17.153819444444444,0.0,1.7496527777777777,8,Summer
2014-08-18,59.61909722222222,82.63993055555555,5.797916666666667,36.34722222222222,828.4722222222222,200.32291666666666,26.34826388888889,1005.453125,17.771527777777777,0.0,1.508333333333333,8,Summer
2014-08-19,85.26041666666667,116.45833333333333,6.059027777777778,40.68055555555556,969.4444444444445,214.75,27.05138888888889,1004.8399305555555,18.751388888888886,0.0,1.5479166666666666,8,Summer
2014-08-20,104.28472222222223,143.703125,13.702777777777778,40.34826388888889,1073.263888888889,231.94375,27.826388888888886,1002.2805555555556,19.584722222222222,0.0,1.5729166666666667,8,Summer
2014-08-21,126.67118055555557,165.34479166666668,8.905902777777778,48.140277777777776,1144.0972222222224,236.0041666666667,27.172916666666666,1000.9128472222222,20.408333333333335,0.09930555555555554,1.3968749999999999,8,Summer
2014-08-22,51.202777777777776,78.36076388888888,3.495486111111111,58.003819444444446,796.5277777777778,179.01041666666666,24.647916666666664,1001.2482638888888,19.423263888888886,0.0017361111111110833,0.9656250000000001,8,Summer
2014-08-23,107.3888888888889,132.50347222222223,5.118055555555555,54.96180555555555,1092.361111111111,219.40625,26.625347222222217,999.0809027777779,20.529861111111114,0.42083333333333334,1.3843749999999997,8,Summer
2014-08-24,17.666666666666668,37.64236111111111,4.385416666666667,27.21597222222222,445.3125,151.46875,26.478125000000002,1001.0697916666668,14.901041666666666,0.03472222222222217,1.8406250000000002,8,Summer
2014-08-25,16.055208333333333,37.077777777777776,3.9548611111111107,35.28715277777778,435.9375,108.52083333333333,26.151041666666668,1004.9385416666665,11.931597222222223,0.0,1.6951388888888888,8,Summer
2014-08-26,22.427083333333332,61.625,5.953125,53.529513888888886,516.3194444444445,130.85416666666666,26.165625000000002,1006.6868055555556,10.359375,0.0,1.234375,8,Summer
2014-08-27,47.666666666666664,108.02777777777777,7.947916666666667,57.28819444444445,695.8333333333334,199.09375,26.160416666666666,1006.8513888888889,13.41423611111111,0.0,1.429513888888889,8,Summer
2014-08-28,78.6783420138889,114.39557291666667,7.263519965277777,51.46058006535947,905.4144965277777,148.396875,24.079166666666666,1008.2291666666666,17.642708333333335,0.13090277777777776,1.2715277777777778,8,Summer
2014-08-29,73.232421875,81.58116319444444,4.7861328125,33.35018382352941,993.5438368055555,158.92708333333334,23.01354166666667,1009.2774305555555,18.01736111111111,0.036458333333333315,1.0687499999999999,8,Summer
2014-08-30,130.68055555555557,141.5659722222222,4.772569444444445,57.392361111111114,1548.7847222222224,113.63483796296298,23.180902777777778,1008.3954861111112,20.225694444444443,0.2805555555555555,1.1774305555555555,8,Summer
2014-08-31,63.579861111111114,67.15277777777779,2.475694444444444,28.944444444444443,984.548611111111,137.26041666666666,22.696875000000002,1006.8625000000001,19.58923611111111,0.40069444444444446,1.3520833333333335,8,Summer
2014-09-01,95.65486111111112,97.89444444444445,3.440972222222222,45.04270833333334,1598.9583333333333,102.953125,22.486805555555552,1006.4079861111112,20.423958333333335,1.0899305555555554,1.1631944444444444,9,Autumn
2014-09-02,25.649305555555554,20.979166666666664,2.1875,30.53125,844.7916666666666,87.36562500000001,20.138541666666665,1004.5326388888889,18.54409722222222,0.8927083333333332,1.2201388888888889,9,Autumn
2014-09-03,18.26388888888889,32.57638888888889,5.546875,37.05381944444444,547.0486111111111,104.01362179487178,22.977777777777778,1003.0430555555555,13.913541666666667,0.00034722222222221665,1.545138888888889,9,Autumn
2014-09-04,39.63715277777777,91.890625,5.663194444444444,61.421875,814.0625,159.36458333333334,24.994097222222223,998.8753472222221,15.266666666666666,0.0,1.4159722222222222,9,Autumn
2014-09-05,88.22222222222223,138.9809027777778,9.31423611111111,50.04340277777777,1033.8541666666667,206.125,24.447222222222223,1003.4680555555556,17.92638888888889,0.0,1.492361111111111,9,Autumn
2014-09-06,138.6875,154.91666666666666,12.305555555555555,38.489583333333336,1418.4027777777776,185.5,24.770486111111108,1004.6208333333334,19.56076388888889,0.0,1.3503472222222221,9,Autumn
2014-09-07,150.54166666666666,173.89583333333334,9.885416666666666,44.37847222222222,1258.1597222222222,167.95833333333334,24.865624999999998,1001.6579861111112,18.867013888888888,0.005208333333333309,1.2118055555555556,9,Autumn
2014-09-08,13.34375,32.90624999999999,4.125,23.645833333333332,341.6666666666667,127.77083333333333,23.927430555555556,1004.0229166666667,6.135416666666667,0.0,1.71875,9,Autumn
2014-09-09,35.208333333333336,83.09027777777777,5.453125,46.875,631.25,170.80208333333334,22.306944444444444,1004.0222222222222,12.122222222222222,0.0,1.1815972222222222,9,Autumn
2014-09-10,64.953125,112.50347222222223,11.527777777777779,56.880208333333336,1098.7847222222222,171.27083333333334,22.789583333333336,1007.5739583333333,14.209375,0.0,1.4326388888888888,9,Autumn
2014-09-11,82.56770833333333,126.03993055555556,17.600694444444443,62.68402777777778,1457.4652777777776,115.08854166666667,21.899652777777778,1007.8861111111111,16.366666666666667,0.06874999999999996,1.2284722222222222,9,Autumn
2014-09-12,72.92013888888889,82.1076388888889,4.017361111111112,50.350694444444436,955.2083333333334,86.25520833333333,21.071875000000002,1008.6829861111111,17.039583333333333,0.03368055555555551,0.9326388888888889,9,Autumn
2014-09-13,66.640625,93.7013888888889,7.541666666666667,49.66970486111111,790.2777777777778,150.71875,22.56701388888889,1008.0836805555555,15.242708333333333,0.0,1.4493055555555554,9,Autumn
2014-09-14,40.901041666666664,69.81423611111111,3.5590277777777772,46.3702876984127,528.125,123.328125,20.181597222222223,1011.0715277777778,10.024652777777778,0.0,1.2274305555555556,9,Autumn
2014-09-15,18.118055555555554,45.546875,5.053819444444445,37.11452132936508,394.6180555555556,79.421875,20.54201388888889,1012.1468749999999,5.327430555555556,0.0,1.6079861111111111,9,Autumn
2014-09-16,42.143229166666664,90.12934027777779,5.138020833333333,64.50260416666667,584.5486111111111,56.1875,17.928819444444443,1012.1875,9.27326388888889,0.0,1.1586805555555555,9,Autumn
2014-09-17,56.931423611111114,89.49739583333333,4.061631944444445,61.452256944444436,710.4166666666666,58.0625,17.877430555555556,1014.3878472222221,11.825694444444444,0.0,1.1465277777777778,9,Autumn
2014-09-18,61.84722222222222,87.68055555555554,3.753472222222222,58.520833333333336,753.342013888889,135.75454980842912,19.52847222222222,1013.0138888888888,9.988888888888889,0.0,1.1079861111111111,9,Autumn
2014-09-19,84.3732638888889,116.5329861111111,6.739583333333333,57.95970667495854,930.859375,128.36596024904216,18.92361111111111,1006.0506944444445,13.518749999999999,0.07812499999999996,1.2392361111111112,9,Autumn
2014-09-20,120.2829861111111,130.265625,5.241319444444444,51.068641169154226,1175.8680555555554,163.88823036398466,21.253125,1004.1041666666666,15.921527777777778,0.00104166666666665,1.1656250000000001,9,Autumn
2014-09-21,101.73958333333333,119.7048611111111,15.151041666666666,47.90705327529022,1719.7916666666667,123.2073754789272,21.48888888888889,1010.8368055555557,15.579861111111112,0.0,1.21875,9,Autumn
2014-09-22,95.1875,111.81944444444444,10.956597222222221,60.29897388059701,2031.7708333333333,97.08381226053639,20.14097222222222,1012.2364583333333,17.052430555555556,0.20486111111111105,1.1069444444444445,9,Autumn
2014-09-23,47.71527777777777,47.100694444444436,2.706597222222222,42.467013888888886,1057.638888888889,28.272749042145595,17.79201388888889,1011.2666666666665,16.86388888888889,0.6479166666666667,1.1333333333333335,9,Autumn
2014-09-24,28.677083333333332,37.85069444444444,2.8333333333333335,34.088541666666664,872.9166666666666,81.10543582375479,19.994444444444444,1010.1309027777778,15.546527777777778,0.2159722222222222,1.262152777777778,9,Autumn
2014-09-25,107.80208333333333,117.91145833333333,3.3541666666666665,52.119791666666664,1287.5,63.213122605363985,18.632638888888888,1010.0454861111111,16.15173611111111,0.0,1.1395833333333332,9,Autumn
2014-09-26,125.79340277777777,129.25,9.82638888888889,61.28819444444445,1570.486111111111,58.641642720306514,18.83888888888889,1005.1767361111112,16.295833333333334,0.16874999999999996,1.2916666666666667,9,Autumn
2014-09-27,29.291666666666668,46.1875,3.295138888888889,41.092013888888886,571.875,78.93474616858238,19.376388888888886,1009.9524305555556,10.246527777777777,0.0,1.2739583333333333,9,Autumn
2014-09-28,58.60243055555555,103.93402777777779,8.98611111111111,65.78067129629629,1222.9166666666667,49.8632662835249,18.24513888888889,1009.9232638888889,13.200694444444444,0.0,1.0465277777777777,9,Autumn
2014-09-29,51.59548611111111,72.87152777777779,3.967013888888889,37.351273148148145,879.6875,65.17708333333333,18.32638888888889,1013.4114583333334,7.844097222222222,0.0,2.085763888888889,9,Autumn
2014-09-30,24.234375,51.901041666666664,7.310763888888889,40.92881944444445,619.9652777777777,43.510416666666664,12.730902777777779,1019.4659722222223,2.0184027777777778,0.0,1.4489583333333333,9,Autumn
2014-10-01,66.74305555555556,92.42708333333333,4.815972222222222,58.58680555555555,960.0694444444445,22.645833333333332,11.471874999999999,1010.1496527777778,7.951041666666666,0.4583333333333333,1.076388888888889,10,Autumn
2014-10-02,55.135416666666664,55.135416666666664,4.430555555555555,47.96875,948.4375,39.479166666666664,14.452430555555557,1007.1475694444445,10.608680555555557,0.0024305555555555166,1.007638888888889,10,Autumn
2014-10-03,94.75625000000001,102.16597222222224,5.500603864734299,56.50483091787439,1671.2107487922706,21.640625,14.706597222222221,1011.3302083333333,12.115277777777779,0.06458333333333328,1.0239583333333333,10,Autumn
2014-10-04,75.22465277777778,75.46597222222222,3.027173913043478,42.18093297101449,1121.1503623188407,51.010416666666664,14.872222222222222,1013.1215277777778,13.276388888888889,0.0864583333333333,1.307986111111111,10,Autumn
2014-10-05,29.994791666666668,29.994791666666668,2.4635416666666665,35.682291666666664,705.5555555555555,72.10416666666667,14.917013888888889,1018.38125,6.047222222222222,0.0,1.6989583333333336,10,Autumn
2014-10-06,27.559027777777775,37.736111111111114,3.034722222222222,48.93402777777777,466.84027777777777,72.30208333333333,13.994444444444445,1017.807638888889,4.028125,0.0,1.160763888888889,10,Autumn
2014-10-07,118.2013888888889,155.03472222222223,10.600694444444445,82.29166666666667,1156.25,83.83333333333333,14.246875000000001,1013.5437499999999,8.430208333333335,0.0,0.8791666666666668,10,Autumn
2014-10-08,254.68229166666666,269.71875,9.875,101.28819444444444,2072.5694444444443,60.135416666666664,15.039930555555555,1012.9368055555556,11.88159722222222,0.024305555555555525,0.8472222222222223,10,Autumn
2014-10-09,329.3333333333333,334.36111111111114,6.2123842592592595,91.77141203703702,2255.8449074074074,78.92708333333333,15.89826388888889,1013.463888888889,13.514930555555557,0.0,0.65,10,Autumn
2014-10-10,297.9895833333333,304.42013888888886,13.492042824074074,86.27860966435185,2316.9795283564813,105.078125,16.66597222222222,1015.6670138888888,14.272916666666667,0.0,0.765625,10,Autumn
2014-10-11,195.1597222222222,195.7222222222222,7.842013888888889,61.56553819444445,1783.962673611111,84.33333333333333,16.70798611111111,1016.1059027777778,12.324305555555556,0.0,1.5489583333333332,10,Autumn
2014-10-12,6.267361111111111,6.53125,4.015625,24.05859375,287.9557291666667,60.83506944444445,15.185763888888888,1024.429861111111,-1.848263888888889,0.0010416666666666584,2.240972222222222,10,Autumn
2014-10-13,13.163194444444445,18.805555555555554,4.983072916666667,34.07758246527778,330.2571614583333,54.57465277777778,11.22638888888889,1020.6791666666667,-4.294444444444444,0.0,1.4479166666666667,10,Autumn
2014-10-14,42.48090277777778,78.6111111111111,7.453125,60.56597222222222,678.6458333333334,59.083333333333336,12.346527777777778,1012.6631944444445,1.8572916666666666,0.0,1.3413194444444445,10,Autumn
2014-10-15,41.86631944444444,94.90104166666667,4.482638888888888,42.30208333333333,567.7083333333334,67.41666666666667,14.115625000000001,1009.701736111111,-1.6305555555555555,0.0,2.4871527777777778,10,Autumn
2014-10-16,32.70486111111111,93.1892361111111,7.881944444444444,51.322916666666664,599.3055555555555,72.03125,12.673263888888888,1014.4298611111112,-0.9993055555555554,0.0,1.6711805555555557,10,Autumn
2014-10-17,94.64930555555556,174.9965277777778,11.126736111111112,102.61805555555556,1185.5902777777778,58.322916666666664,13.784374999999999,1009.8065972222222,4.328819444444444,0.0,0.9305555555555555,10,Autumn
2014-10-18,151.80902777777777,228.45138888888889,17.649305555555554,114.80902777777779,1978.125,115.875,15.390972222222222,1010.1663194444444,7.655902777777778,0.0,0.857638888888889,10,Autumn
2014-10-19,250.96999007936506,313.48859126984127,13.172371031746032,118.63368055555556,2430.5059523809523,75.50520833333333,16.381944444444443,1008.3409722222223,12.051388888888889,0.0,0.9496527777777778,10,Autumn
2014-10-20,210.75223214285714,226.12599206349205,5.6668650793650786,81.64027777777777,1619.389880952381,62.020833333333336,15.809027777777779,1012.3402777777778,12.395138888888889,0.0,1.0916666666666666,10,Autumn
2014-10-21,37.87673611111111,52.59722222222222,17.700694444444444,61.02638888888888,1267.4652777777776,36.703804347826086,12.245138888888889,1018.2579861111111,-0.18819444444444441,0.0,1.3586805555555557,10,Autumn
2014-10-22,72.45833333333333,141.4965277777778,11.274305555555555,75.18229166666666,1290.625,10.989583333333334,10.910763888888889,1016.0229166666667,4.8284722222222225,0.0,1.1833333333333333,10,Autumn
2014-10-23,123.4236111111111,179.20138888888889,12.994791666666666,83.92708333333333,1573.7847222222224,24.041666666666668,12.67048611111111,1008.7256944444445,8.033680555555556,0.0,0.8885416666666667,10,Autumn
2014-10-24,214.59760802469134,254.170524691358,11.045405982905983,88.19658119658119,2095.3125,64.04166666666667,12.53263888888889,1005.2944444444444,9.844444444444443,0.0,0.7357638888888888,10,Autumn
2014-10-25,298.141975308642,309.23225308641975,7.405982905982906,87.98397435897436,2355.3819444444443,74.15814393939394,13.682291666666666,1005.5052083333334,11.368055555555557,0.0,0.7444444444444445,10,Autumn
2014-10-26,67.5486111111111,68.92013888888889,3.6725427350427347,42.39423076923077,782.8125,60.621780303030306,13.975347222222224,1018.5770833333335,-4.4586805555555555,0.0,2.3114583333333334,10,Autumn
2014-10-27,25.968749999999996,39.67881944444444,12.31270032051282,51.70906784188034,693.1423611111112,44.56439393939394,9.434375000000001,1025.2118055555557,-5.229861111111112,0.0,1.5104166666666667,10,Autumn
2014-10-28,59.697916666666664,103.80902777777779,11.670673076923078,68.01255341880342,999.6127136752137,32.289262820512825,9.224305555555555,1020.7079861111112,2.826388888888889,0.0,1.0184027777777778,10,Autumn
2014-10-29,103.53993055555556,155.98090277777777,12.825587606837606,86.29887820512819,1278.619123931624,38.67588141025641,10.971180555555556,1017.8381944444444,5.0562499999999995,0.0,0.7586805555555555,10,Autumn
2014-10-30,155.09027777777777,186.22916666666666,16.635760073260073,98.9525144993895,1672.4320818070819,23.177083333333332,12.257291666666667,1016.4979166666667,7.781597222222222,0.020833333333333308,0.6409722222222223,10,Autumn
2014-10-31,152.86111111111111,163.07291666666666,10.955652854090355,91.47476915445667,2118.346497252747,19.00641025641026,12.793750000000001,1014.3399305555555,9.671875,0.0013888888888888833,0.6996527777777778,10,Autumn
2014-11-01,53.90277777777778,68.0,6.142361111111111,47.50347222222222,1004.5138888888888,48.625,11.704861111111112,1015.3125,-0.6229166666666668,0.0,1.8343749999999999,11,Autumn
2014-11-02,7.140104166666666,23.696527777777778,4.133680555555556,22.690277777777776,323.9583333333333,59.515625,10.42951388888889,1017.4548611111112,-10.061805555555555,0.0,2.732638888888889,11,Autumn
2014-11-03,23.986431623931622,52.68004807692307,5.426549145299145,45.24835737179487,735.3498931623932,64.39930555555556,9.704513888888888,1014.9972222222223,-3.8364583333333333,0.0,1.3659722222222224,11,Autumn
2014-11-04,97.97849893162392,140.85363247863248,19.24358974358974,74.06310096153847,1387.3931623931624,50.145833333333336,7.882291666666667,1013.1902777777777,0.1434027777777778,0.0,0.94375,11,Autumn
2014-11-05,64.84722222222221,81.63194444444444,7.1875,45.833333333333336,1043.4027777777776,59.90625,11.75625,1013.8888888888888,-4.038888888888889,0.0,1.9038194444444443,11,Autumn
2014-11-06,9.529513888888888,21.760416666666668,3.2118055555555554,22.586805555555554,344.09722222222223,64.109375,8.386458333333334,1018.5069444444445,-8.841666666666667,0.0,1.7729166666666665,11,Autumn
2014-11-07,42.19444444444444,66.55902777777779,13.859375,47.94618055555555,1186.6319444444446,31.625,4.649305555555555,1020.7430555555557,-4.23125,0.0,0.9284722222222221,11,Autumn
2014-11-08,67.79513888888889,83.13194444444444,12.166666666666666,55.97222222222222,1409.0277777777776,53.614583333333336,4.925347222222222,1021.517361111111,-1.5715277777777776,0.0,0.890625,11,Autumn
2014-11-09,56.09722222222222,67.9375,7.069444444444444,55.732638888888886,1085.0694444444446,57.614583333333336,6.187152777777778,1019.1631944444445,-2.7072916666666664,0.0,0.9225694444444444,11,Autumn
2014-11-10,67.78125,82.8107638888889,9.14236111111111,67.21006944444444,1315.798611111111,37.697916666666664,6.472916666666666,1016.4722222222222,-2.3159722222222223,0.002083333333333325,0.8006944444444445,11,Autumn
2014-11-11,33.958333333333336,68.68055555555556,4.197916666666667,30.920138888888886,677.4305555555555,52.447916666666664,9.034895833333332,1014.7222222222222,-6.34375,0.0,2.919791666666667,11,Autumn
2014-11-12,5.428819444444444,41.37673611111111,3.045138888888889,10.394097222222223,220.83333333333334,68.17708333333333,5.930208333333333,1018.5208333333334,-17.5625,0.0,3.8472222222222228,11,Autumn
2014-11-13,22.055555555555554,43.454861111111114,7.434027777777779,45.99652777777777,730.2083333333334,59.760416666666664,4.931597222222222,1017.6527777777778,-11.309722222222222,0.0,1.4770833333333335,11,Autumn
2014-11-14,33.01736111111111,58.95486111111111,15.072916666666666,56.71006944444445,1026.736111111111,38.645833333333336,5.078819444444444,1018.6034722222222,-9.078819444444443,0.0,1.1024305555555556,11,Autumn
2014-11-15,108.7517361111111,161.26388888888889,36.869791666666664,94.75868055555556,2195.659722222222,8.65625,4.600347222222222,1019.1883680555555,-6.793402777777778,0.0,0.8803819444444444,11,Autumn
2014-11-16,76.71527777777779,101.66319444444444,16.84375,56.34027777777777,1606.5972222222224,52.604166666666664,6.457638888888888,1019.5694444444443,-5.260416666666667,0.0,2.0684027777777776,11,Autumn
2014-11-17,21.694444444444443,38.78472222222222,13.836805555555555,45.62152777777777,736.1111111111112,53.645833333333336,6.085763888888889,1022.2246527777778,-8.207986111111111,0.0,1.3968749999999999,11,Autumn
2014-11-18,67.73784722222221,111.97569444444444,30.171875,78.96875,1772.9166666666667,21.067708333333332,4.612847222222222,1020.0875,-5.925694444444445,0.00104166666666665,0.9315972222222223,11,Autumn
2014-11-19,221.51041666666663,286.63715277777777,45.05902777777777,123.59027777777777,3336.111111111111,6.651041666666667,3.483333333333333,1015.1527777777778,-2.3892361111111113,0.0,0.9881944444444445,11,Autumn
2014-11-20,296.921875,357.9444444444444,31.274305555555557,138.4878472222222,3746.701388888889,7.756944444444444,3.4000000000000004,1013.2902777777778,-0.30729166666666663,0.0,1.0406250000000001,11,Autumn
2014-11-21,188.08506944444443,228.3871527777778,20.96701388888889,111.203125,2826.736111111111,27.307291666666668,5.338541666666667,1016.7951388888888,-5.630208333333333,0.0,1.211111111111111,11,Autumn
2014-11-22,33.24305555555555,55.390625,14.680555555555555,56.05555555555555,854.5138888888888,39.614583333333336,5.787847222222222,1022.4340277777778,-10.319791666666667,0.0,1.2694444444444446,11,Autumn
2014-11-23,116.79166666666667,162.63194444444443,22.621527777777775,90.38541666666667,2359.027777777778,8.500000000000002,4.044444444444444,1021.3052083333333,-0.8680555555555557,0.0,0.9475694444444445,11,Autumn
2014-11-24,68.58680555555556,93.47569444444446,15.597222222222221,68.80208333333333,1609.375,35.375,4.872569444444444,1021.8354166666667,-7.128472222222222,0.0,1.3256944444444443,11,Autumn
2014-11-25,138.88194444444443,181.5034722222222,30.125,94.95486111111113,2472.222222222222,14.989583333333334,2.8743055555555554,1017.9652777777778,-2.1788194444444446,0.0,1.0583333333333333,11,Autumn
2014-11-26,237.625,293.328125,35.65277777777778,121.88194444444446,3565.625,7.354166666666667,3.7506944444444446,1015.96875,0.07013888888888892,0.0,0.970138888888889,11,Autumn
2014-11-27,70.4704861111111,100.11805555555556,11.340277777777779,57.010416666666664,1175.3472222222222,42.21875,5.312152777777778,1017.5055555555556,-10.993055555555555,0.0,1.7131944444444445,11,Autumn
2014-11-28,78.453125,146.10763888888889,22.614583333333332,71.88194444444444,1609.8958333333333,28.302083333333332,4.616666666666666,1015.8263888888888,-4.142708333333334,0.0,1.1253472222222223,11,Autumn
2014-11-29,221.58993055555553,306.2722222222222,19.080902777777776,92.92951388888889,3432.986111111111,6.739583333333335,2.03125,1017.8107638888888,-0.21111111111111114,0.01770833333333329,0.9881944444444445,11,Autumn
2014-11-30,85.62847222222223,238.49652777777774,9.23263888888889,39.232638888888886,1284.201388888889,55.552083333333336,2.960763888888889,1018.8111111111111,-13.780555555555557,0.0,4.028472222222223,11,Autumn
2014-12-01,10.907986111111112,74.95659722222221,5.451388888888889,15.399305555555555,448.2638888888889,57.364583333333336,-3.9201388888888893,1021.7371527777777,-23.60625,0.0,3.976388888888889,12,Winter
2014-12-02,38.932291666666664,58.038194444444436,21.840277777777775,46.74305555555555,1034.0277777777778,37.739583333333336,-4.757638888888889,1020.359375,-20.650694444444444,0.0,1.6729166666666668,12,Winter
2014-12-03,18.36284722222222,52.638888888888886,10.352430555555555,25.355902777777775,643.4027777777778,58.416666666666664,-2.5923611111111113,1021.6909722222222,-24.293402777777775,0.0,3.619444444444445,12,Winter
2014-12-04,7.25,29.083333333333332,6.526041666666667,17.234374999999996,329.6875,61.380208333333336,-1.7083333333333333,1023.5833333333334,-24.320486111111112,0.0,3.941666666666667,12,Winter
2014-12-05,27.605902777777775,48.33159722222222,17.805555555555554,42.796875,825.6944444444445,55.052083333333336,-1.9052083333333334,1023.5034722222222,-21.12222222222222,0.0,1.9423611111111112,12,Winter
2014-12-06,57.670138888888886,84.39756944444444,32.46006944444444,67.93055555555556,1717.361111111111,30.994791666666668,-1.4836805555555552,1022.4027777777778,-17.091319444444444,0.0,1.2649305555555557,12,Winter
2014-12-07,49.25,74.4236111111111,27.149305555555554,48.447916666666664,1472.3958333333333,49.984375,0.7982638888888888,1020.6458333333334,-14.353819444444445,0.0,2.167361111111111,12,Winter
2014-12-08,57.321875,80.47690972222222,29.18958333333333,59.426562499999996,1277.4305555555557,39.0,-1.1454861111111112,1021.9166666666666,-13.502430555555556,0.0,1.3635416666666667,12,Winter
2014-12-09,216.9097222222222,274.0989583333333,64.19270833333333,108.47743055555554,4803.993055555556,9.638541666666667,-2.781597222222222,1024.263888888889,-9.651736111111111,0.0,1.1649305555555556,12,Winter
2014-12-10,127.0017361111111,214.74131944444443,27.215277777777775,61.02430555555555,2491.145833333333,59.539930555555564,-0.08020833333333335,1021.5347222222222,-12.853125,0.00034722222222221665,3.098263888888889,12,Winter
2014-12-11,19.489583333333332,35.43055555555555,14.918402777777777,31.649305555555554,565.9722222222223,57.072916666666664,-0.4197916666666666,1024.3194444444443,-17.144791666666666,0.0,2.6552083333333334,12,Winter
2014-12-12,10.806712962962962,41.445023148148145,8.020833333333334,21.920138888888886,428.9930555555556,53.390625,-0.25625,1022.8298611111112,-20.085763888888888,0.0,3.407291666666666,12,Winter
2014-12-13,42.87483465608466,81.23454034391536,23.77157738095238,49.28447420634921,1123.5367063492063,37.77777777777778,-0.3520833333333333,1022.5416666666666,-17.74548611111111,0.0,1.6822916666666667,12,Winter
2014-12-14,80.49032738095238,121.15376984126983,43.06870039682539,74.36483134920634,2002.331349206349,25.50446428571429,-0.5760416666666667,1024.0972222222222,-15.621527777777779,0.0,1.3,12,Winter
2014-12-15,61.66840277777777,115.36111111111113,25.763888888888886,43.26909722222222,1434.548611111111,58.859375,-1.0083333333333333,1024.6298611111113,-17.478819444444444,0.0,3.912847222222222,12,Winter
2014-12-16,6.807291666666667,30.440972222222218,6.059027777777778,13.5,333.15972222222223,56.286458333333336,-2.770486111111111,1022.0868055555555,-21.270833333333332,0.0,4.094444444444444,12,Winter
2014-12-17,67.24669937015504,112.82680272932816,32.11760134043927,62.69662467700258,1551.2263808139535,52.401041666666664,-1.426388888888889,1021.1277777777777,-17.044097222222224,0.0,1.5729166666666667,12,Winter
2014-12-18,125.18794412144702,177.29883605574014,67.62621700812107,87.4985234403839,3611.9174510889625,9.34387112403101,-2.428125,1021.5802083333334,-10.557638888888889,0.0,1.148263888888889,12,Winter
2014-12-19,54.863339793281654,83.39108642488003,22.872733250276855,45.238112541528245,1544.21546234773,58.888565891472865,0.05347222222222223,1021.0631944444444,-14.710069444444445,0.0,3.1725694444444446,12,Winter
2014-12-20,12.801235465116278,25.80228520671835,11.76061854005168,26.39139211886305,554.8368863049095,45.8655523255814,-2.145486111111111,1024.2885416666666,-19.83159722222222,0.0,2.7652777777777775,12,Winter
2014-12-21,18.515867248062015,43.44165859173126,14.584019702842378,31.644622093023255,667.9384689922481,46.15503875968992,-2.0461805555555554,1022.1072916666667,-19.490624999999998,0.0,2.729861111111111,12,Winter
2014-12-22,67.52563791989664,113.3622819767442,38.034156976744185,70.17042151162791,1997.18588501292,28.06952519379845,0.5975694444444443,1019.7881944444445,-13.608680555555557,0.0,1.5899305555555554,12,Winter
2014-12-23,72.32881136950904,111.08151647286822,46.359294250645995,73.51913759689923,2289.627745478036,23.31734496124031,0.8100694444444444,1020.0586805555555,-13.30486111111111,0.028472222222222218,1.3100694444444445,12,Winter
2014-12-24,14.378512596899226,36.0750565245478,17.193112080103358,32.279312015503876,544.2223837209302,56.679748062015506,1.8256944444444443,1023.3611111111112,-15.293055555555554,0.020833333333333332,2.5,12,Winter
2014-12-25,27.841408268733847,46.379360465116285,22.33109657622739,51.76865310077519,996.733688630491,51.68381782945736,0.6409722222222222,1023.6201388888888,-12.956944444444446,0.0,1.5531249999999999,12,Winter
2014-12-26,108.31918489294942,145.60712670727204,55.96486480251016,86.80992870985604,2828.0396363971945,16.081637596899224,-1.939236111111111,1024.545138888889,-10.561458333333334,0.0,1.0489583333333334,12,Winter
2014-12-27,174.77477236372587,215.13684400762887,65.80190683831673,116.23926648824904,3808.4554827529632,12.043577734711455,-1.401736111111111,1024.9965277777778,-9.449305555555556,0.0,1.1013888888888888,12,Winter
2014-12-28,109.38229435831181,168.19215654608095,47.531855620155035,84.62788006029285,2515.1279428653456,45.10852713178295,2.039930555555556,1019.9027777777778,-10.74340277777778,0.0,1.7711805555555555,12,Winter
2014-12-29,88.43083817829456,156.81011789405684,39.22678456072351,78.16351744186046,2579.0011304909563,41.929263565891475,2.2149305555555556,1016.923611111111,-11.549999999999999,0.0,1.7395833333333333,12,Winter
2014-12-30,23.782622739018084,58.75331072351421,21.399144056847547,48.51049741602068,994.8804909560723,41.875,2.667361111111111,1020.21875,-13.835069444444445,0.0,1.9201388888888886,12,Winter
2014-12-31,6.149766499784668,46.11123559969854,6.918932358957794,12.093499677002583,317.401149332472,58.02319121447028,-2.1100694444444446,1024.65625,-22.96111111111111,0.0,4.192361111111111,12,Winter
2015-01-01,33.71759259259259,56.08101851851851,20.95023148148148,42.49305555555556,944.8495370370371,52.145833333333336,-2.3645833333333335,1023.8090277777778,-22.59201388888889,0.0,1.904861111111111,1,Winter
2015-01-02,50.260416666666664,79.10069444444444,31.255208333333332,59.928819444444436,1330.5555555555554,39.239583333333336,-1.0486111111111112,1022.3159722222222,-18.40625,0.0,1.7486111111111111,1,Winter
2015-01-03,146.45486111111111,190.78125,66.68576388888889,100.79166666666667,3235.7638888888887,15.4375,-2.826388888888889,1010.6458333333334,-15.4125,0.0,1.0072916666666667,1,Winter
2015-01-04,167.55208333333334,204.01041666666666,70.70138888888889,110.41840277777779,3764.2361111111113,17.71875,0.07638888888888885,1009.6284722222222,-13.414930555555555,0.0,1.1809027777777779,1,Winter
2015-01-05,98.94965277777777,153.75868055555557,53.16319444444445,65.359375,2665.798611111111,66.84375,3.3923611111111107,1012.8576388888888,-13.778819444444444,0.0,2.5434027777777777,1,Winter
2015-01-06,34.638888888888886,47.75,22.055555555555554,40.19965277777778,797.2222222222222,65.45833333333333,-0.29513888888888884,1020.7430555555555,-21.905555555555555,0.0,2.1881944444444446,1,Winter
2015-01-07,61.880208333333336,80.11458333333333,38.67100694444444,64.68402777777777,1764.7569444444443,28.7578125,-2.444444444444444,1023.0347222222222,-17.690625,0.0,1.0378472222222221,1,Winter
2015-01-08,135.03472222222223,162.26805555555555,51.421527777777776,97.26180555555555,3155.9027777777774,11.557291666666666,-2.3229166666666665,1022.9131944444445,-13.115625000000001,0.0,1.1722222222222223,1,Winter
2015-01-09,74.50347222222223,88.08680555555556,32.989583333333336,63.27430555555555,1573.6111111111113,55.322916666666664,1.0277777777777777,1021.6597222222222,-15.864236111111111,0.0,1.8673611111111112,1,Winter
2015-01-10,147.13888888888889,166.61458333333334,55.27430555555555,95.04166666666667,2806.944444444445,32.822916666666664,1.6701388888888886,1015.8055555555557,-14.210069444444445,0.0,1.5225694444444444,1,Winter
2015-01-11,36.333333333333336,51.677083333333336,18.01215277777778,45.756944444444436,867.7083333333334,49.416666666666664,2.1666666666666665,1025.7569444444446,-14.120486111111111,0.0,1.7184027777777777,1,Winter
2015-01-12,122.52777777777777,137.34548611111111,44.701388888888886,76.73263888888889,2252.777777777778,27.0,-1.689236111111111,1030.2666666666667,-10.271180555555556,0.0,1.3336805555555555,1,Winter
2015-01-13,156.04861111111111,167.77430555555554,54.49305555555555,92.31597222222223,2803.6458333333335,17.291666666666668,-2.5586805555555556,1026.3993055555557,-9.125694444444443,0.0,1.1177083333333333,1,Winter
2015-01-14,212.91840277777774,221.06770833333334,54.982638888888886,100.61111111111113,3079.5138888888887,7.40625,-2.339236111111111,1024.6715277777778,-7.913888888888889,0.0,1.03125,1,Winter
2015-01-15,327.24652777777777,335.42534722222223,35.89062499999999,112.27430555555556,4706.076388888889,7.333333333333333,-3.1493055555555554,1021.6944444444443,-7.278819444444444,0.0,1.0218749999999999,1,Winter
2015-01-16,103.53993055555554,114.69618055555556,9.184027777777777,40.65972222222222,1532.4652777777776,64.11458333333333,-0.5104166666666666,1022.5381944444445,-14.764583333333334,0.0,3.2704861111111114,1,Winter
2015-01-17,60.04861111111111,65.85763888888889,30.038194444444443,57.545138888888886,1196.5277777777778,51.84375,-2.746527777777778,1025.0347222222224,-16.162152777777777,0.0,1.3777777777777775,1,Winter
2015-01-18,73.60312499999999,111.25902777777776,32.114583333333336,55.09513888888889,1575.0,69.8125,1.2326388888888888,1013.3645833333334,-14.145486111111111,0.0,2.9069444444444446,1,Winter
2015-01-19,42.03298611111111,72.84722222222221,24.352430555555554,57.24131944444445,1240.1041666666667,65.46875,0.6041666666666666,1018.6701388888888,-14.621527777777779,0.0,1.5072916666666665,1,Winter
2015-01-20,84.61631944444444,107.4982638888889,44.098958333333336,74.95833333333333,1990.972222222222,24.333333333333332,-0.8680555555555555,1016.1319444444445,-9.907291666666667,0.0,1.1815972222222222,1,Winter
2015-01-21,19.944444444444446,26.333333333333332,16.47048611111111,34.05902777777778,649.1319444444445,62.973958333333336,1.4895833333333333,1021.1111111111112,-14.436805555555557,0.0,2.259375,1,Winter
2015-01-22,99.1076388888889,115.1423611111111,39.416666666666664,80.28472222222223,2007.986111111111,29.96875,-1.7708333333333333,1017.9756944444445,-13.417013888888889,0.0,1.2201388888888889,1,Winter
2015-01-23,203.32291666666666,220.35763888888889,63.55381944444445,118.53298611111113,3466.6666666666665,15.270833333333334,-1.5,1012.3229166666666,-11.38923611111111,0.0,0.9756944444444445,1,Winter
2015-01-24,95.39930555555556,107.64583333333333,33.64236111111111,69.80902777777779,1985.763888888889,31.375,0.5243055555555555,1019.1458333333334,-8.664583333333333,0.01076388888888886,1.3836805555555556,1,Winter
2015-01-25,134.83680555555557,135.87152777777777,16.078125,60.90625,1739.7569444444443,25.572916666666668,0.7319444444444444,1018.7586805555555,-3.2781249999999997,0.0010416666666666584,1.2722222222222224,1,Winter
2015-01-26,95.14583333333333,101.83854166666667,10.684027777777779,40.87083333333333,1556.25,60.354166666666664,-0.8020833333333334,1022.3333333333334,-13.435416666666667,0.0,2.5072916666666667,1,Winter
2015-01-27,17.37013888888889,23.846527777777776,14.785763888888887,29.558333333333334,621.5277777777777,58.520833333333336,-4.098090277777778,1029.7744791666667,-21.6640625,0.0,2.347916666666667,1,Winter
2015-01-28,36.824999999999996,44.30763888888888,21.469791666666666,49.15763888888889,1021.1805555555555,42.5,-2.5342013888888886,1027.5848958333333,-19.52638888888889,0.0,1.601041666666667,1,Winter
2015-01-29,66.82118055555556,76.39409722222221,23.133680555555557,42.66840277777777,1263.5416666666667,62.0,-0.42534722222222227,1022.7152777777778,-15.043923611111111,0.00034722222222221665,2.4947916666666665,1,Winter
2015-01-30,12.421875,21.34548611111111,12.588541666666666,25.543402777777775,523.0902777777777,64.30729166666667,-1.9788194444444445,1029.195138888889,-21.581770833333334,0.0,2.3274305555555554,1,Winter
2015-01-31,29.5625,38.208333333333336,19.15625,42.663194444444436,835.5902777777778,50.760416666666664,-2.3510416666666667,1031.2826388888889,-21.993229166666666,0.0,1.526736111111111,1,Winter
2015-02-01,76.64930555555556,86.24652777777777,40.833333333333336,67.17708333333333,1898.611111111111,28.208333333333332,-3.3229166666666665,1028.2291666666667,-18.679513888888888,0.0,1.08125,2,Winter
2015-02-02,139.53125,146.78125,57.140625,87.35763888888887,2457.2916666666665,18.6875,-1.6895833333333332,1026.1305555555555,-15.295138888888888,0.0024305555555555335,1.2305555555555554,2,Winter
2015-02-03,113.51041666666667,117.99652777777779,28.347222222222225,59.989583333333336,1844.7916666666667,71.32291666666667,1.3802083333333333,1024.8246527777778,-10.611979166666666,0.00034722222222221665,2.2539930555555556,2,Winter
2015-02-04,10.986111111111112,31.22916666666666,9.864583333333334,20.12847222222222,377.2569444444444,73.13541666666667,1.2104166666666665,1025.4461805555554,-16.501388888888886,0.0,3.333680555555555,2,Winter
2015-02-05,27.590277777777775,34.947916666666664,16.42361111111111,42.53298611111111,700.6944444444445,70.70833333333333,2.076388888888889,1024.96875,-14.491319444444445,0.0,2.1225694444444447,2,Winter
2015-02-06,67.94791666666667,77.85416666666667,31.057291666666668,74.20833333333333,1783.5069444444443,46.520833333333336,2.272569444444444,1015.9253472222222,-13.042881944444446,0.0,1.479861111111111,2,Winter
2015-02-07,13.513888888888888,26.368055555555557,10.368055555555555,22.340277777777775,426.0416666666667,75.17708333333333,1.512847222222222,1023.3239583333334,-19.588020833333335,0.0,3.104861111111111,2,Winter
2015-02-08,23.951388888888886,31.14236111111111,17.005264336917563,29.961805555555554,584.2013888888889,71.48958333333333,-3.4802083333333336,1029.0729166666667,-25.462326388888886,0.0,1.990798611111111,2,Winter
2015-02-09,108.81284722222222,118.65659722222222,47.70202732974911,78.69548611111111,1899.6527777777776,47.098958333333336,-2.057638888888889,1021.1437500000001,-20.273611111111112,0.0,1.4175347222222223,2,Winter
2015-02-10,122.5798611111111,132.93229166666666,47.75347222222222,93.9982638888889,2381.0763888888887,49.713541666666664,2.227430555555556,1009.8489583333334,-16.136979166666666,0.0,1.3720486111111112,2,Winter
2015-02-11,40.213541666666664,54.03125,22.647569444444443,43.295138888888886,982.4652777777777,80.42708333333333,4.467013888888888,1009.9836805555556,-15.346180555555556,0.0,2.015277777777778,2,Winter
2015-02-12,32.66840277777778,39.13368055555555,16.55034722222222,44.001736111111114,771.875,76.5625,2.0711805555555554,1013.2461805555555,-13.532118055555555,0.0,1.5168402777777779,2,Winter
2015-02-13,124.3125,132.88020833333334,34.58680555555555,85.83680555555556,2204.861111111111,55.578125,1.054861111111111,1010.6993055555555,-10.413368055555555,0.0,1.293576388888889,2,Winter
2015-02-14,236.8611111111111,242.21180555555554,55.85590277777777,109.7326388888889,3157.6388888888887,62.739583333333336,2.6840277777777772,1005.6701388888888,-9.397916666666667,0.0,1.1125,2,Winter
2015-02-15,282.40625,299.078125,78.6232638888889,114.02083333333333,4419.270833333333,38.447916666666664,2.9652777777777772,1011.7361111111112,-7.771527777777778,0.0,1.1611111111111112,2,Winter
2015-02-16,121.72569444444444,150.125,31.059027777777775,54.645833333333336,2265.277777777778,70.375,4.652777777777778,1011.4618055555555,-10.417708333333334,0.0,2.2243055555555555,2,Winter
2015-02-17,22.32986111111111,40.02777777777778,10.480902777777777,28.684027777777775,533.5069444444445,77.36458333333333,4.934722222222223,1016.9243055555556,-11.215277777777779,0.0,2.0776041666666667,2,Winter
2015-02-18,46.33680555555555,56.760416666666664,18.5625,30.947916666666668,736.9791666666666,80.63541666666667,4.530208333333333,1023.6614583333334,-12.871701388888889,0.0,1.8817708333333334,2,Winter
2015-02-19,218.32638888888889,250.36458333333334,55.22569444444445,42.270833333333336,1493.0555555555557,62.322916666666664,1.548611111111111,1021.96875,-7.215277777777778,0.011458333333333308,1.7614583333333333,2,Winter
2015-02-20,138.56944444444443,138.67708333333334,8.947916666666666,40.84375,1513.1944444444443,54.010416666666664,0.9885416666666668,1014.709375,-0.3454861111111111,0.2548611111111111,1.1453125,2,Winter
2015-02-21,153.38541666666666,271.66840277777777,9.239583333333334,32.90972222222222,1648.9583333333333,69.47916666666667,1.1079861111111111,1010.9850694444444,-6.760243055555556,0.0031249999999999833,2.8934027777777778,2,Winter
2015-02-22,44.114583333333336,289.27256944444446,4.276041666666667,14.541666666666666,395.8333333333333,73.47916666666667,-1.0506944444444444,1016.4864583333333,-20.651041666666668,0.0,4.074131944444445,2,Winter
2015-02-23,54.26736111111111,112.39930555555556,20.510416666666668,33.53819444444444,785.0694444444445,66.46875,0.2803819444444444,1014.3279513888889,-14.669618055555555,0.0,1.7211805555555557,2,Winter
2015-02-24,153.17013888888889,212.72569444444443,34.609375,58.631944444444436,2125.347222222222,55.96875,1.0184027777777778,1009.3770833333333,-7.229166666666667,0.0,1.3121527777777777,2,Winter
2015-02-25,72.375,93.43402777777777,10.190972222222223,31.84548611111111,1011.1111111111112,80.04166666666667,2.805902777777778,1013.060763888889,-16.025347222222223,0.0,2.818055555555555,2,Winter
2015-02-26,12.805555555555555,22.413194444444443,6.663194444444444,18.89236111111111,393.75,77.73958333333333,1.3579861111111111,1019.6572916666668,-20.627430555555556,0.0,2.5989583333333335,2,Winter
2015-02-27,23.51388888888889,36.83680555555556,13.715277777777779,30.154513888888886,668.75,60.083333333333336,-0.28020833333333334,1026.564236111111,-14.669791666666667,0.0,1.7538194444444446,2,Winter
2015-02-28,123.734375,135.74305555555557,8.34375,40.541666666666664,1274.1319444444446,36.239583333333336,0.13506944444444444,1019.9187499999999,-3.826909722222222,0.050868055555555514,1.8965277777777778,2,Winter
2015-03-01,45.154513888888886,90.85416666666667,11.951388888888888,39.869791666666664,897.0486111111112,76.30208333333333,4.906712962962963,1014.4405092592593,-13.471180555555556,0.0,2.475347222222222,3,Spring
2015-03-02,53.71527777777777,82.68055555555556,17.8125,45.536458333333336,1373.4375,74.76041666666667,6.169841269840774,1006.1716765887896,-12.768055555555556,0.0,2.6038194444444445,3,Spring
2015-03-03,8.071180555555555,48.107638888888886,2.569444444444444,10.836805555555555,283.3333333333333,77.65625,1.826388888888889,1017.8371527777778,-24.855902777777775,0.0,4.067708333333333,3,Spring
2015-03-04,23.737847222222218,39.998263888888886,12.086805555555555,31.305555555555554,630.5555555555555,73.78125,0.8952546296342593,1022.4563657407407,-24.493750000000002,0.0,1.8940972222222223,3,Spring
2015-03-05,110.32986111111113,133.84375,47.241319444444436,59.6875,1565.451388888889,66.32291666666667,1.9076388888888889,1019.927951388889,-17.191319444444442,0.0,2.053472222222222,3,Spring
2015-03-06,195.57291666666666,217.48958333333334,59.263888888888886,82.16319444444444,2131.25,59.1875,2.6006944444444446,1013.283622685185,-10.57013888888889,0.0,1.3152777777777778,3,Spring
2015-03-07,229.9097222222222,243.4548611111111,41.14236111111111,82.0486111111111,2351.0416666666665,93.58333333333333,5.162847222217592,1012.8048611157407,-5.320833333333334,0.0,1.3611111111111114,3,Spring
2015-03-08,124.03472222222223,139.87847222222223,21.23611111111111,51.532986111111114,1372.5694444444443,80.71354166666667,6.137847222220238,1016.4361111111111,-10.96076388888889,0.0,2.4684027777777775,3,Spring
2015-03-09,7.758680555555556,28.34375,3.1666666666666665,14.845486111111109,310.0694444444444,80.02604166666667,0.5413194444444445,1029.7711805555555,-27.742013888888888,0.0,3.2888888888888883,3,Spring
2015-03-10,31.39236111111111,44.203125,13.223958333333334,39.89409722222222,745.8498677248677,78.97916666666667,1.9204861111111111,1024.4381944444444,-22.102777777777778,0.0,2.0833333333333335,3,Spring
2015-03-11,38.59201388888889,54.12847222222222,14.309027777777777,47.82118055555555,890.6084656084655,76.30208333333333,4.445833333333334,1017.1909722222222,-19.049652777777776,0.0,1.9090277777777775,3,Spring
2015-03-12,69.40972222222221,88.90625,23.348958333333332,65.32986111111111,1400.6944444444443,61.541666666666664,5.630902777777777,1011.011111111111,-14.952083333333334,0.0,1.5701388888888888,3,Spring
2015-03-13,64.43055555555556,78.82638888888889,21.52951388888889,60.201388888888886,1304.6875,80.66666666666667,5.578819444444445,1015.8260416666666,-14.081249999999999,0.0,1.7114583333333335,3,Spring
2015-03-14,97.01041666666667,117.79861111111113,40.23611111111111,83.55208333333333,1863.0208333333333,42.927083333333336,4.463888888888889,1015.1315972222222,-5.983333333333333,0.0,1.5315972222222223,3,Spring
2015-03-15,102.00694444444446,195.67708333333334,26.256944444444443,71.94444444444444,1670.138888888889,93.9375,9.452256944444445,1010.8878472222221,-10.397222222222222,0.0,1.9520833333333334,3,Spring
2015-03-16,208.36631944444443,294.6614583333333,33.661458333333336,84.88715277777777,2007.1180555555554,67.36458333333333,9.997222222222222,1006.2197916666668,0.5163194444444444,0.0,1.492013888888889,3,Spring
2015-03-17,182.82291666666666,219.3472222222222,16.385416666666668,57.77430555555555,1697.9166666666667,102.4375,11.064930555555556,1013.1694444444444,-1.9958333333333333,0.0,2.142361111111111,3,Spring
2015-03-18,47.666666666666664,82.99826388888889,12.532986111111112,49.72743055555555,765.1041666666666,85.77083333333333,9.168055555555556,1010.4684027777777,-8.302430555555556,0.0,1.607638888888889,3,Spring
2015-03-19,82.64930555555556,207.92708333333334,11.329861111111112,71.02777777777779,1089.5833333333333,73.98958333333333,11.406597222222222,1010.7534722222223,-8.363194444444444,0.0,1.6350694444444445,3,Spring
2015-03-20,43.87847222222222,199.47569444444443,6.243055555555556,46.24652777777777,548.9583333333334,98.69791666666667,13.993749999999999,1011.6020833333333,-13.406597222222222,0.0,2.0635416666666666,3,Spring
2015-03-21,19.10763888888889,103.87847222222223,4.253472222222222,28.104166666666668,347.22222222222223,87.15625,14.483333333333333,1012.4440972222222,-18.495833333333334,0.0,3.055902777777778,3,Spring
2015-03-22,20.354166666666668,104.29166666666667,4.092013888888888,21.289930555555554,343.75,87.29166666666667,10.213194444444444,1021.6201388888888,-17.35486111111111,0.0,3.0385416666666667,3,Spring
2015-03-23,34.80208333333333,84.05208333333333,7.335069444444444,43.600694444444436,693.0555555555555,89.72916666666667,10.155208333333333,1022.9093749999998,-13.698958333333332,0.0,1.9211805555555557,3,Spring
2015-03-24,76.86284722222223,121.81944444444444,29.109375,67.36458333333333,1797.9166666666667,88.8125,9.556597222222223,1025.4222222222222,-8.448958333333334,0.0,1.7819444444444443,3,Spring
2015-03-25,123.0625,157.25,40.94618055555555,78.80034722222221,1821.3541666666667,106.27604166666667,10.894444444444444,1024.5163194444442,-1.840625,0.0,1.773611111111111,3,Spring
2015-03-26,107.546875,155.47743055555554,21.927083333333332,56.522569444444436,1022.2222222222222,138.953125,13.823263888888889,1022.459375,-1.3336805555555555,0.0,2.303819444444444,3,Spring
2015-03-27,110.34375,151.890625,28.215277777777782,56.255208333333336,1010.4166666666666,131.82986111111111,14.352083333333333,1014.5427083333333,0.85,0.0,2.0545138888888888,3,Spring
2015-03-28,66.47916666666667,265.6163194444444,9.008947649572649,32.46180555555556,521.5277777777777,110.00694444444444,17.605555555555554,1007.2895833333333,-0.40208333333333335,0.0,3.0381944444444446,3,Spring
2015-03-29,75.14583333333333,285.00694444444446,17.815438034188034,65.67013888888889,1028.298611111111,111.09027777777777,15.663194444444443,1008.5381944444443,0.6899305555555556,0.0,1.8493055555555555,3,Spring
2015-03-30,148.64583333333334,337.87152777777777,29.569711538461537,64.77949175268164,1389.9305555555557,131.078125,16.75451388888889,1003.107638888889,6.094791666666667,0.0,1.4885416666666667,3,Spring
2015-03-31,129.0467013888889,150.7486111111111,16.749131944444446,60.00095059198543,1895.3125,107.55208333333333,12.920138888888891,1009.0666666666666,7.580208333333334,0.14444444444444446,1.7770833333333333,3,Spring
2015-04-01,57.010416666666664,70.07690972222223,5.090277777777778,51.596709927140246,691.6666666666666,77.2265625,9.843402777777778,1014.3972222222222,-0.7763888888888889,0.028819444444444394,1.3097222222222222,4,Spring
2015-04-02,35.59375,36.80625,3.9965277777777772,32.267816484517304,698.9583333333334,88.90625,9.002777777777776,997.5354166666667,3.0118055555555556,0.5868055555555556,2.3604166666666666,4,Spring
2015-04-03,28.732638888888886,35.23090277777778,4.092013888888888,33.20281193078324,567.3611111111111,115.125,12.323611111111111,1005.84375,1.1197916666666667,0.0,2.2180555555555554,4,Spring
2015-04-04,62.85069444444445,71.33472222222223,5.166666666666667,41.557946265938064,635.7638888888889,134.05208333333334,12.47638888888889,1006.5100694444445,1.9451388888888888,0.0,1.9871527777777775,4,Spring
2015-04-05,53.41493055555555,93.30729166666667,3.2048611111111107,35.256830601092894,462.6736111111111,105.9375,12.669791666666667,1012.332986111111,-5.424652777777777,0.0,3.6836805555555556,4,Spring
2015-04-06,20.84027777777778,30.963541666666668,2.329861111111111,24.872381602914388,304.6875,86.04166666666667,7.590972222222223,1024.2243055555555,-12.454166666666667,0.0,2.6993055555555556,4,Spring
2015-04-07,23.319444444444443,37.572916666666664,3.9895833333333335,28.809113160291435,346.1805555555556,89.9375,8.404861111111112,1024.9711805555555,-12.381250000000001,0.0,2.3947916666666664,4,Spring
2015-04-08,97.60416666666667,119.26180555555555,13.722222222222223,51.016678051001826,847.2222222222222,99.91666666666667,8.951041666666667,1018.3361111111111,-2.4746527777777776,0.0,2.0944444444444446,4,Spring
2015-04-09,163.12152777777777,176.78993055555554,17.277777777777775,62.04021516393442,1192.7083333333333,122.42708333333333,11.241666666666667,1014.2083333333334,1.9538194444444443,0.0,1.8052083333333335,4,Spring
2015-04-10,151.61458333333334,162.6795138888889,10.330208333333333,62.92347449908925,1068.4027777777776,126.44791666666667,13.942013888888889,1013.3552083333333,2.9468750000000004,0.00034722222222221665,1.6993055555555554,4,Spring
2015-04-11,136.00173611111111,136.10972222222222,16.010416666666668,48.29909494535519,1678.125,131.00520833333334,14.157986111111109,1014.0159722222221,6.808333333333333,0.6461805555555555,2.4652777777777777,4,Spring
2015-04-12,12.318055555555555,25.470138888888886,2.232638888888889,18.496764002732238,269.96527777777777,88.60416666666667,7.998926767677084,1019.8439709589647,-3.0437499999999997,0.06736111111111105,4.157986111111112,4,Spring
2015-04-13,27.019097222222225,35.61597222222222,3.1423611111111107,27.117002504553735,375.8680555555556,121.984375,11.728819444444445,1018.8031249999999,-1.673611111111111,0.00416666666666665,2.625,4,Spring
2015-04-14,54.60659722222223,84.65138888888889,5.698958333333334,58.467622950819674,707.9861111111112,115.85416666666667,16.350694444444443,1002.2309027777778,0.34097222222222223,0.0,1.8513888888888888,4,Spring
2015-04-15,109.00173611111113,252.00694444444443,14.522569444444443,71.21095173041894,950.124007936508,104.69791666666667,17.458333333333332,994.2784722222223,2.8892361111111113,0.0,2.080208333333333,4,Spring
2015-04-16,33.65277777777778,136.46875,3.1631944444444446,19.812613843351546,251.9593253968254,97.4140625,16.338541666666668,1005.426736111111,-12.578125,0.0,4.592708333333333,4,Spring
2015-04-17,76.03645833333333,174.0486111111111,16.692708333333332,56.34483151183971,663.8888888888889,100.91666666666667,17.39236111111111,1002.8309027777777,-1.5729166666666667,0.0,2.1274305555555553,4,Spring
2015-04-18,127.6736111111111,244.58680555555554,24.355902777777775,82.49684084699453,1402.7777777777776,105.26822916666667,17.809722222222224,1004.9277777777778,7.19201388888889,0.00624999999999995,1.2256944444444444,4,Spring
2015-04-19,61.791666666666664,112.24652777777777,5.524305555555556,38.64537795992714,602.7777777777777,102.48958333333333,17.25173611111111,1008.484375,-0.29930555555555566,0.0,2.3309027777777778,4,Spring
2015-04-20,68.56946511243386,106.1595775462963,6.8904803240740735,44.3807206284153,745.9069865319866,120.83017676767678,15.620486111111111,1008.4277777777778,-0.2923611111111111,0.0,2.3989583333333333,4,Spring
2015-04-21,63.61977099867725,126.0747974537037,8.213686342592593,44.69418829690346,579.961069023569,112.23579545454545,18.59826388888889,1004.3868055555555,-0.1534722222222222,0.0,2.186111111111111,4,Spring
2015-04-22,46.17534722222222,99.68402777777779,8.402777777777779,45.387174913985014,584.375,142.39583333333334,18.51458333333333,1010.7979166666668,0.2378472222222221,0.0,2.5697916666666667,4,Spring
2015-04-23,54.913194444444436,107.0763888888889,10.935763888888888,49.989583333333336,614.7569444444445,116.86458333333333,19.991666666666664,1008.8753472222223,-1.0895833333333333,0.0,1.8312499999999998,4,Spring
2015-04-24,56.325520833333336,156.25868055555557,7.668402777777778,46.319444444444436,614.7569444444445,139.921875,19.03576388888889,1014.5118055555557,-0.11944444444444442,0.0,2.1510416666666665,4,Spring
2015-04-25,76.09114583333333,158.125,12.395833333333334,65.11458333333333,826.7361111111112,178.96875,22.27881944444444,1008.3548611111111,3.6961805555555554,0.0,2.1461805555555555,4,Spring
2015-04-26,100.38020833333333,181.43923611111111,21.302083333333332,51.73611111111111,973.4375,226.77083333333334,24.097569444444442,1003.6083333333332,10.101388888888888,0.0,2.2954861111111113,4,Spring
2015-04-27,81.66493055555556,134.06597222222223,12.611111111111112,46.28472222222222,900.8680555555555,178.52604166666666,21.80763888888889,999.4097222222223,12.951736111111112,0.12673611111111105,1.7520833333333332,4,Spring
2015-04-28,43.79861111111111,68.11458333333333,5.850694444444444,38.96527777777778,710.0694444444445,137.26041666666666,20.118402777777774,1004.8621527777779,11.398958333333333,0.0,1.3916666666666666,4,Spring
2015-04-29,114.97569444444444,135.10416666666666,11.378472222222221,47.326388888888886,1312.673611111111,200.09375,21.06319444444444,1007.0440972222221,13.306597222222223,0.0,1.761111111111111,4,Spring
2015-04-30,116.46875,145.021875,12.368055555555555,44.41840277777777,1085.9375,210.88541666666666,23.37673611111111,1004.7670138888889,13.661805555555555,0.0,1.931597222222222,4,Spring
2015-05-01,121.69791666666667,135.18055555555557,12.729166666666666,44.729166666666664,1037.1527777777778,171.90625,18.325,1003.8163194444445,13.063194444444447,0.2791666666666666,1.9906250000000003,5,Spring
2015-05-02,45.78472222222222,68.77604166666667,2.8229166666666665,29.71875,555.9027777777777,146.13541666666666,18.877083333333335,1004.2513888888889,11.957291666666665,0.00034722222222221665,1.7069444444444446,5,Spring
2015-05-03,38.70833333333333,92.85416666666667,2.296875,22.982638888888886,398.6111111111111,115.51041666666667,19.321875000000002,1007.9753472222222,-3.300347222222222,0.0,3.336111111111111,5,Spring
2015-05-04,23.411458333333332,64.87152777777777,4.694444444444445,20.70486111111111,300.0,119.5,18.32673611111111,1008.8843750000001,-5.927777777777778,0.0,3.071527777777778,5,Spring
2015-05-05,44.75052083333333,96.55763888888889,7.743055555555556,36.73576388888889,477.6041666666667,116.42291666666667,20.285416666666666,999.4222222222221,-0.29409722222222234,0.0,2.0809027777777778,5,Spring
2015-05-06,19.020833333333332,69.35069444444444,3.513888888888889,23.868055555555557,305.2083333333333,100.94791666666667,18.015624999999996,1005.63125,-8.45138888888889,0.0,2.1531249999999997,5,Spring
2015-05-07,44.17534722222222,123.78819444444446,7.309027777777778,36.0625,558.3333333333334,126.80208333333333,18.633333333333333,1004.9506944444444,0.6944444444444443,0.0,2.118402777777778,5,Spring
2015-05-08,43.176981209150334,89.80208333333333,9.184027777777779,35.17361111111111,778.4722222222222,119.95833333333333,18.192708333333332,1003.9454861111111,5.171180555555556,0.0,2.1555555555555554,5,Spring
2015-05-09,37.408088235294116,47.401041666666664,7.069444444444444,32.72222222222222,996.5277777777777,100.89583333333333,12.978124999999999,1011.8194444444443,5.066666666666666,0.0510416666666666,1.58125,5,Spring
2015-05-10,34.69097222222222,42.576388888888886,4.819444444444445,45.854166666666664,1294.7916666666667,46.395833333333336,10.204166666666667,1009.8243055555555,6.335069444444444,1.120138888888889,1.3944444444444446,5,Spring
2015-05-11,24.13888888888889,28.182291666666668,2.366319444444444,30.737847222222225,810.0694444444445,85.22395833333333,13.609027777777778,1001.4472222222222,4.892013888888889,0.011805555555555541,2.1618055555555555,5,Spring
2015-05-12,20.42013888888889,47.74652777777777,2.5,40.713541666666664,498.6111111111111,108.47265625,18.803819444444446,989.3590277777779,4.063541666666667,0.0,1.9371527777777777,5,Spring
2015-05-13,60.28125,137.10069444444443,4.671875,68.40104166666667,771.7013888888888,159.71875,21.561111111111106,988.8677083333333,7.584027777777778,0.0,1.4534722222222223,5,Spring
2015-05-14,21.109375,70.32638888888889,4.763888888888888,27.854166666666668,335.9375,125.41145833333333,22.081944444444446,1001.2253472222222,1.9760416666666665,0.0,2.629513888888889,5,Spring
2015-05-15,23.29861111111111,46.55902777777777,3.003472222222222,25.229166666666668,371.3541666666667,120.89583333333333,21.243055555555554,1008.4020833333334,3.3753472222222225,0.0,2.3385416666666665,5,Spring
2015-05-16,47.76736111111111,91.55902777777777,9.010416666666666,43.916666666666664,666.6666666666666,179.44791666666666,21.55190972222222,1003.5614583333332,5.217013888888888,0.0,2.235243055555556,5,Spring
2015-05-17,129.86111111111111,183.27083333333334,15.434027777777777,44.24305555555555,1176.388888888889,169.09375,22.181250000000002,993.2600694444445,15.24201388888889,0.05763888888888883,1.5819444444444446,5,Spring
2015-05-18,54.02777777777778,89.34722222222223,3.4166666666666665,31.420138888888886,522.5694444444445,114.39583333333333,23.103819444444444,995.8270833333335,1.8895833333333334,0.00034722222222221665,3.252083333333333,5,Spring
2015-05-19,13.075520833333334,50.65625,2.138888888888889,16.350694444444446,266.6666666666667,94.3125,22.308333333333334,1002.0128472222223,-4.961458333333334,0.0,3.832638888888889,5,Spring
2015-05-20,19.16579861111111,36.380208333333336,2.8055555555555554,21.074652777777775,311.80555555555554,116.4375,23.766319444444445,1009.0815972222222,1.701388888888889,0.0,2.7527777777777778,5,Spring
2015-05-21,35.421875,85.92708333333333,6.434027777777778,43.236111111111114,508.5069444444445,149.26041666666666,22.805555555555554,1005.8201388888889,5.760416666666667,0.0,2.6934027777777776,5,Spring
2015-05-22,55.83680555555555,92.41840277777777,12.059027777777779,46.93402777777778,775.5208333333334,203.05555555555554,22.6875,1003.5135416666667,8.532291666666667,0.0,1.717361111111111,5,Spring
2015-05-23,94.89756944444444,137.8090277777778,16.54861111111111,52.40625,977.7777777777778,244.69270833333334,24.09409722222222,1002.1899305555556,11.628472222222221,0.0,1.6260416666666668,5,Spring
2015-05-24,113.65277777777777,160.39930555555554,16.72222222222222,55.229166666666664,1192.7083333333333,243.875,25.496875,1000.5381944444445,12.752430555555556,0.0,1.9607638888888888,5,Spring
2015-05-25,100.15625,164.17013888888889,23.871527777777775,46.67881944444445,1136.111111111111,285.6484375,27.184027777777775,999.6100694444444,13.056597222222223,0.0,2.3743055555555554,5,Spring
2015-05-26,87.640625,148.14236111111111,19.42476851851852,37.04918981481482,906.6550925925926,258.953125,27.911805555555556,999.6868055555555,13.624305555555557,0.0,2.5541666666666667,5,Spring
2015-05-27,90.40124933545985,140.13541666666666,11.616898148148147,33.29108796296296,870.949074074074,229.33969907407405,26.528125,998.9708333333333,14.131944444444445,0.0,2.163888888888889,5,Spring
2015-05-28,111.29666733120679,145.98263888888889,23.506944444444443,36.14756944444444,1126.5625,205.53125,25.914930555555557,997.9864583333334,15.236111111111109,0.0,2.0378472222222226,5,Spring
2015-05-29,62.98611111111111,90.40277777777777,5.777777777777778,44.28125,813.0208333333334,167.51041666666666,25.294791666666665,999.6055555555555,14.502777777777778,0.022569444444444392,1.7569444444444444,5,Spring
2015-05-30,54.076388888888886,85.34027777777777,6.913194444444444,38.37847222222222,747.9166666666666,201.35416666666666,24.362152777777776,1001.34375,11.82013888888889,0.0,2.140972222222222,5,Spring
2015-05-31,55.21527777777777,101.11458333333333,15.222222222222221,42.94097222222222,870.3125,218.85416666666666,26.25208333333333,995.2534722222222,13.814930555555556,0.0,2.2083333333333335,5,Spring
2015-06-01,89.27083333333333,163.55902777777777,14.756944444444443,46.94097222222222,1004.6875,226.19791666666666,28.006944444444443,994.6472222222222,17.219791666666666,0.0,1.6253472222222223,6,Summer
2015-06-02,29.670138888888886,60.32986111111111,4.631944444444444,25.222222222222225,523.7847222222223,163.9375,27.319791666666664,1002.3423611111111,2.747916666666667,0.0,2.871527777777778,6,Summer
2015-06-03,32.81944444444444,95.49305555555556,6.409722222222222,35.16840277777778,511.4583333333333,129.16666666666666,25.40798611111111,1006.8065972222222,5.8656250000000005,0.0,2.1413194444444446,6,Summer
2015-06-04,50.568749999999994,84.46597222222222,6.26754070881226,50.8963122605364,2507.7346743295016,99.2194683908046,21.072569444444444,998.7277777777778,12.722916666666665,0.2586805555555555,1.5527777777777778,6,Summer
2015-06-05,48.47986111111111,67.65902777777778,5.362667624521073,41.9786877394636,3058.584770114943,172.31860632183907,22.821874999999995,992.7659722222223,13.942013888888889,0.05138888888888885,1.5944444444444443,6,Summer
2015-06-06,24.763888888888886,42.395833333333336,2.9236111111111107,27.170138888888886,2296.0069444444443,137.375,23.271180555555556,996.4871527777777,13.10659722222222,0.12013888888888886,1.9354166666666666,6,Summer
2015-06-07,14.21875,27.951388888888886,3.7777777777777772,29.71875,2461.4583333333335,87.13541666666667,21.618402777777778,1002.5375,8.847916666666668,0.00416666666666665,1.6291666666666667,6,Summer
2015-06-08,22.678819444444443,36.39236111111111,4.210069444444445,31.928819444444443,426.90972222222223,123.078125,23.131249999999998,998.9749999999999,9.145138888888889,0.005555555555555533,1.8336805555555555,6,Summer
2015-06-09,51.14236111111111,88.31944444444444,16.37673611111111,48.421875,1103.4722222222224,201.80729166666666,23.927777777777777,995.9305555555555,13.271875000000001,0.04895833333333329,1.9781250000000001,6,Summer
2015-06-10,75.796875,81.00347222222223,4.583333333333333,34.62152777777778,1139.236111111111,155.61805555555557,20.84270833333333,994.2579861111111,17.207291666666666,0.3611111111111111,1.4697916666666666,6,Summer
2015-06-11,19.13888888888889,28.04861111111111,3.038194444444444,24.690972222222225,555.3819444444445,97.26041666666667,22.525347222222223,991.8829861111111,11.048611111111112,0.019444444444444434,2.459722222222222,6,Summer
2015-06-12,7.864583333333333,20.57638888888889,3.7430555555555554,21.418402777777775,404.5138888888889,88.28125,24.302777777777777,992.0461805555556,9.842708333333333,0.0,3.332291666666666,6,Summer
2015-06-13,11.219444444444443,25.146701388888886,3.4305555555555554,17.99826388888889,440.4513888888889,118.86458333333333,23.455555555555552,998.6392361111111,14.363541666666668,0.21076388888888886,2.0593749999999997,6,Summer
2015-06-14,19.193749999999998,35.07378472222222,3.6736111111111107,28.68923611111111,491.1458333333333,159.40625,25.288194444444443,1002.3312500000001,14.458333333333334,0.0006944444444444333,1.4381944444444443,6,Summer
2015-06-15,88.640625,121.41319444444444,16.13715277777778,40.83159722222222,1268.576388888889,227.3573717948718,26.43263888888889,1000.9000000000001,15.23576388888889,0.0,1.7913194444444445,6,Summer
2015-06-16,105.16666666666667,141.46875,13.725694444444445,48.119791666666664,1167.013888888889,243.97187499999998,26.360416666666666,997.9048611111111,15.848611111111111,0.024999999999999998,1.7305555555555554,6,Summer
2015-06-17,41.21180555555555,56.27777777777777,3.470486111111111,34.045138888888886,739.2361111111112,195.81736111111113,25.737847222222218,996.9340277777778,16.91701388888889,0.3225694444444444,1.4645833333333333,6,Summer
2015-06-18,16.696180555555554,26.836805555555557,2.548611111111111,24.461805555555557,435.7638888888889,101.90288978494624,26.738541666666666,1000.2958333333332,8.310069444444444,0.0,1.976041666666667,6,Summer
2015-06-19,15.504513888888887,33.14861111111111,3.1319444444444446,25.493402777777778,534.0277777777777,79.05094086021505,20.961805555555554,1004.071875,13.377083333333333,0.3836805555555555,1.6260416666666666,6,Summer
2015-06-20,20.42013888888889,34.64236111111111,2.7152777777777772,30.678819444444443,538.5416666666666,167.91565860215053,24.656944444444445,1005.7145833333333,13.765277777777778,0.0,1.4718749999999998,6,Summer
2015-06-21,41.482638888888886,74.89236111111111,5.166666666666667,39.982638888888886,616.6666666666666,199.36995967741936,26.72951388888889,1002.2715277777778,13.703125,0.0,1.6840277777777775,6,Summer
2015-06-22,89.50694444444444,117.3576388888889,16.871527777777775,38.81944444444444,1083.3333333333333,229.32291666666666,26.19791666666666,999.9708333333333,15.020138888888889,0.0,1.6843750000000002,6,Summer
2015-06-23,181.69444444444443,196.96180555555554,15.444444444444445,39.57118055555555,1661.111111111111,238.6875,26.75972222222222,1001.0826388888889,17.727083333333333,0.012152777777777726,1.8,6,Summer
2015-06-24,121.890625,134.08159722222223,9.734375,43.529513888888886,1116.1458333333333,190.98958333333334,25.153125,999.6604166666666,18.197222222222223,0.003472222222222217,1.6090277777777777,6,Summer
2015-06-25,124.51909722222223,133.88194444444443,6.552083333333333,51.80902777777778,1048.263888888889,130.85416666666666,24.348958333333332,995.8899305555556,18.62048611111111,0.06041666666666665,1.2159722222222222,6,Summer
2015-06-26,106.22222222222223,106.76736111111113,2.375,24.362847222222225,887.8472222222222,199.60416666666666,24.07361111111111,994.8288194444443,19.730208333333334,1.559027777777778,1.4777777777777779,6,Summer
2015-06-27,88.93055555555556,91.24652777777777,4.361111111111112,32.802083333333336,830.9027777777778,183.10416666666666,24.65659722222222,999.2118055555555,20.10520833333333,0.00034722222222221665,1.1357638888888888,6,Summer
2015-06-28,148.125,149.21180555555557,8.309027777777777,34.513888888888886,1213.1944444444446,219.90625,27.360416666666666,1000.3288194444444,20.977430555555554,0.0,1.7406249999999999,6,Summer
2015-06-29,118.7951388888889,119.79097222222224,5.46875,42.401041666666664,1107.4652777777776,178.90625,22.66111111111111,999.6159722222222,19.390625,0.19618055555555555,1.5013888888888889,6,Summer
2015-06-30,14.419444444444444,21.335416666666664,2.013888888888889,27.607291666666665,378.4722222222222,101.39583333333333,22.063888888888886,997.1673611111111,14.839930555555554,0.06319444444444443,2.1774305555555555,6,Summer
2015-07-01,17.868055555555554,36.03125,2.795138888888889,33.416666666666664,418.0555555555556,87.14583333333333,24.452083333333334,992.2048611111112,13.247222222222222,0.04583333333333333,1.6399305555555557,7,Summer
2015-07-02,8.78125,19.29513888888889,4.260416666666667,27.416666666666668,321.52777777777777,93.33333333333333,26.275694444444444,996.4760416666667,9.177430555555555,0.0,1.8913194444444443,7,Summer
2015-07-03,24.42013888888889,59.80208333333332,10.961805555555555,35.10069444444444,944.4444444444443,178.33333333333334,25.209722222222222,1002.2586805555557,10.691666666666668,0.0,1.9055555555555557,7,Summer
2015-07-04,33.0625,57.545138888888886,6.276041666666667,45.08680555555555,722.2222222222222,150.91666666666666,22.24166666666667,1004.0340277777779,13.363888888888889,0.055555555555555504,1.3378472222222222,7,Summer
2015-07-05,62.53472222222222,72.56944444444444,9.76388888888889,36.94444444444444,991.6666666666666,225.90625,23.62222222222222,1004.171875,14.714236111111111,0.0,1.51875,7,Summer
2015-07-06,68.62673611111111,79.91666666666667,10.569444444444445,33.572916666666664,1102.0833333333333,221.98958333333334,25.45034722222222,1004.6531250000002,15.949305555555556,0.0,1.4336805555555554,7,Summer
2015-07-07,67.77430555555556,84.35763888888889,7.8194444444444455,32.79340277777778,884.375,224.94791666666666,26.840625,1003.2125,16.408333333333335,0.0,1.6885416666666666,7,Summer
2015-07-08,122.74652777777777,135.92013888888889,8.75,35.51736111111111,1119.0972222222222,241.05208333333334,27.51597222222222,1004.4295138888888,18.206944444444442,0.0,1.7711805555555555,7,Summer
2015-07-09,72.34895833333333,89.984375,11.008680555555555,37.57118055555555,825.0,237.4375,27.87013888888889,1006.6614583333334,15.926388888888887,0.0,1.7267361111111112,7,Summer
2015-07-10,50.27430555555555,81.70486111111111,9.053819444444445,32.46875,681.5972222222222,210.39583333333334,27.877430555555552,1004.8399305555555,17.305555555555557,0.0,2.0256944444444445,7,Summer
2015-07-11,103.18055555555556,122.1388888888889,10.350694444444445,35.24305555555555,1053.8194444444446,246.97916666666666,28.774652777777774,1001.4336805555555,19.05034722222222,0.0,1.5409722222222222,7,Summer
2015-07-12,109.6664737654321,149.72222222222223,5.651041666666667,46.48090277777777,920.8333333333334,273.828125,29.83645833333333,994.2118055555557,19.327430555555555,0.03263888888888888,1.3555555555555558,7,Summer
2015-07-13,50.135609567901234,79.46354166666667,3.0774101307189543,43.89847222222222,620.8333333333334,244.98958333333334,32.09513888888889,992.0642361111112,16.03090277777778,0.0,1.6472222222222221,7,Summer
2015-07-14,35.45659722222222,62.97743055555555,4.603145424836602,31.736944444444443,597.3958333333334,213.42708333333334,29.254166666666666,997.6767361111112,16.95347222222222,0.37222222222222223,2.0430555555555556,7,Summer
2015-07-15,35.498263888888886,63.161458333333336,3.715277777777778,47.40277777777777,635.7638888888889,142.17708333333334,26.938194444444445,999.9718750000001,16.881597222222222,0.015277777777777765,1.3798611111111112,7,Summer
2015-07-16,38.00347222222222,44.22222222222222,2.0729166666666665,28.854166666666668,713.7152777777778,108.60416666666667,22.987152777777776,1001.9378472222223,19.18645833333333,0.4291666666666667,1.8076388888888888,7,Summer
2015-07-17,35.92361111111111,42.07118055555555,2.638888888888889,32.05208333333333,764.4097222222222,91.70833333333333,22.85694444444444,1001.6552083333335,19.65520833333333,1.326388888888889,1.276736111111111,7,Summer
2015-07-18,46.489583333333336,48.6875,2.0208333333333335,26.67361111111111,769.4444444444445,135.73958333333334,23.146527777777777,1000.7399305555555,20.268402777777776,2.2260416666666667,1.336458333333333,7,Summer
2015-07-19,68.63194444444444,69.62152777777777,2.1493055555555554,31.812499999999996,878.8194444444445,126.42708333333333,23.381944444444446,1002.2298611111111,21.007291666666664,0.7847222222222222,1.461458333333333,7,Summer
2015-07-20,84.77256944444444,85.71875,2.017361111111111,31.493055555555554,882.2916666666666,138.61458333333334,25.007291666666664,1001.7618055555557,21.712152777777778,0.9784722222222223,1.2586805555555556,7,Summer
2015-07-21,135.56944444444443,136.38541666666666,2.128472222222222,32.64930555555555,1033.5069444444443,148.59375,25.732986111111106,999.5861111111111,22.235763888888886,0.08541666666666663,1.4527777777777777,7,Summer
2015-07-22,61.29861111111111,64.0,2.607638888888889,32.607638888888886,686.2847222222222,166.48958333333334,25.207986111111108,998.4527777777777,20.730555555555554,0.4322916666666666,1.3499999999999999,7,Summer
2015-07-23,41.98958333333333,47.51736111111111,2.2395833333333335,41.52777777777777,771.1805555555555,141.64583333333334,25.105902777777775,998.2427083333333,20.884027777777778,0.0034722222222221665,1.0319444444444443,7,Summer
2015-07-24,53.02430555555555,69.59375,3.4427083333333335,41.592013888888886,868.2291666666666,167.79166666666666,26.441319444444446,995.9250000000001,20.21875,0.0,1.3239583333333333,7,Summer
2015-07-25,84.96527777777777,99.56944444444444,3.0,37.295138888888886,971.875,218.79166666666666,27.834722222222222,994.9864583333333,21.161805555555556,0.0,1.5270833333333333,7,Summer
2015-07-26,101.8263888888889,115.81597222222223,3.954861111111111,31.020833333333332,971.5277777777778,211.21875,29.724305555555556,997.2611111111111,22.219444444444445,0.0,1.2413194444444444,7,Summer
2015-07-27,78.17708333333333,98.07291666666667,2.675347222222222,33.12152777777778,911.8055555555555,189.25520833333334,28.371875,998.4913194444445,22.650694444444444,1.2951388888888886,1.6086805555555552,7,Summer
2015-07-28,48.30381944444445,53.078125,2.357638888888889,27.378472222222218,750.6944444444445,167.76041666666666,26.31701388888889,997.3586805555556,22.73888888888889,0.1461805555555555,1.0663194444444446,7,Summer
2015-07-29,82.99305555555556,90.3611111111111,2.069444444444444,34.61805555555555,901.7361111111112,192.39236111111111,28.56006944444444,995.4427083333335,23.290624999999995,0.0006944444444444417,1.3361111111111112,7,Summer
2015-07-30,41.479166666666664,46.86215277777777,2.4635416666666665,26.59548611111111,888.7152777777777,135.22916666666666,24.60833333333333,998.63125,21.76111111111111,0.5204861111111111,1.5895833333333333,7,Summer
2015-07-31,23.67361111111111,31.618055555555557,2.125,24.557291666666668,638.5416666666666,143.18229166666666,25.488541666666666,1001.8312500000001,20.790972222222223,0.5440972222222222,1.3277777777777777,7,Summer
2015-08-01,67.73128019323671,77.36458333333333,3.107638888888889,44.447916666666664,1234.548611111111,111.07291666666667,24.92083333333333,1000.9920138888889,22.090625,0.5899305555555555,1.1145833333333333,8,Summer
2015-08-02,70.26302536231884,70.19444444444444,2.1666666666666665,26.979166666666668,1136.111111111111,164.625,26.22604166666667,996.9427083333334,23.419444444444448,0.0708333333333333,1.2496527777777777,8,Summer
2015-08-03,61.759166666666665,67.109375,4.173611111111111,30.75,1085.763888888889,124.86458333333333,25.356597222222224,996.685763888889,20.390625,0.0100694444444444,1.5107638888888888,8,Summer
2015-08-04,17.895833333333332,44.166666666666664,4.208333333333333,30.649305555555554,507.63888888888886,173.65625,26.446527777777778,995.4600694444443,17.074652777777775,0.0,1.5649305555555557,8,Summer
2015-08-05,71.68923611111111,99.1076388888889,3.9739583333333335,38.913194444444436,1027.4305555555554,192.953125,27.051388888888884,996.8291666666668,21.13680555555555,0.2815972222222222,1.5427083333333333,8,Summer
2015-08-06,53.588541666666664,74.859375,2.413194444444444,28.375,789.5833333333334,182.13541666666666,25.27048611111111,1001.1604166666666,19.849305555555556,0.0017361111111111084,1.3739583333333332,8,Summer
2015-08-07,92.36979166666667,100.70659722222223,3.756944444444444,32.572916666666664,1070.138888888889,169.0625,25.40347222222222,1006.3635416666667,21.78958333333333,1.5822916666666667,1.5413194444444445,8,Summer
2015-08-08,36.967013888888886,51.885416666666664,3.279513888888889,32.51701388888889,682.8125,170.13541666666666,24.780555555555555,1007.1559027777779,19.45277777777778,0.001388888888888875,1.050347222222222,8,Summer
2015-08-09,52.57986111111111,75.07986111111111,3.21875,34.96111111111111,780.5555555555555,218.76041666666666,27.73402777777778,1004.7805555555556,20.821874999999995,0.0,1.1083333333333334,8,Summer
2015-08-10,39.69097222222222,63.630208333333336,2.5416666666666665,35.91597222222222,691.6666666666666,178.78125,28.948958333333334,1003.7965277777777,19.65451388888889,0.0,1.3177083333333333,8,Summer
2015-08-11,89.14236111111113,119.2638888888889,6.060763888888889,34.66319444444444,1386.111111111111,238.91666666666666,28.97673611111111,1002.8510416666668,21.425694444444442,0.00416666666666665,1.3829861111111112,8,Summer
2015-08-12,77.70486111111111,117.40277777777779,4.371527777777778,34.072916666666664,1036.8055555555554,227.70833333333334,29.79097222222222,1000.3864583333333,21.00173611111111,0.0,1.7718749999999999,8,Summer
2015-08-13,119.5173611111111,160.38888888888889,7.263888888888888,38.947916666666664,1233.3333333333333,276.0104166666667,29.364930555555556,997.9652777777778,21.840625,0.0,1.6878472222222223,8,Summer
2015-08-14,57.9375,84.47569444444444,4.230902777777778,31.927083333333332,800.6944444444445,205.66666666666666,28.411111111111108,997.3732638888888,17.491319444444443,0.0,1.7586805555555556,8,Summer
2015-08-15,22.675347222222218,46.76562499999999,3.71875,34.185763888888886,561.1111111111111,134.546875,28.300347222222225,999.2954861111111,14.57951388888889,0.0,1.5944444444444443,8,Summer
2015-08-16,34.390625,82.60763888888889,5.651041666666667,38.994791666666664,702.0833333333334,269.2291666666667,28.482638888888886,999.5802083333333,17.128125,0.0,1.6180555555555554,8,Summer
2015-08-17,78.78472222222221,165.60069444444443,8.440972222222223,38.385416666666664,1000.8680555555555,214.86458333333334,28.60208333333333,1000.1517361111111,19.143749999999997,0.0,1.3958333333333333,8,Summer
2015-08-18,49.79861111111111,82.34895833333333,3.3090277777777772,33.36111111111111,764.2361111111112,151.33333333333334,26.164583333333336,1004.4777777777778,17.76111111111111,0.0017361111111111,1.6822916666666667,8,Summer
2015-08-19,50.02777777777778,62.3125,2.4895833333333335,35.85590277777778,744.4444444444445,155.140625,24.675347222222225,1005.3579861111111,18.692708333333332,0.0208333333333333,1.4739583333333333,8,Summer
2015-08-20,33.67361111111111,47.857638888888886,2.600694444444444,25.020833333333332,613.8888888888889,157.6875,26.15590277777778,1002.3319444444445,16.325694444444444,0.0,1.4510416666666668,8,Summer
2015-08-21,12.904513888888888,30.864583333333332,2.670138888888889,22.541666666666668,428.125,150.171875,27.360416666666666,999.8920138888889,13.586458333333335,0.0,1.4114583333333333,8,Summer
2015-08-22,14.465277777777779,30.010416666666668,3.4322916666666665,20.026041666666664,566.6666666666666,114.1875,26.755555555555556,999.7486111111111,16.060069444444448,0.0,1.91875,8,Summer
2015-08-23,23.647569444444443,31.670138888888886,4.239583333333333,21.706597222222225,816.6666666666666,103.73958333333333,23.23923611111111,1003.7277777777778,18.103819444444444,0.13993055555555553,1.5395833333333335,8,Summer
2015-08-24,12.5,21.23263888888889,2.2395833333333335,19.73611111111111,460.7638888888889,105.70833333333333,24.441319444444446,1005.4340277777778,17.13611111111111,0.0,1.426388888888889,8,Summer
2015-08-25,14.197916666666666,23.583333333333332,2.3020833333333335,22.31423611111111,460.4166666666667,98.3125,25.23993055555555,1004.5590277777778,16.78125,0.008333333333333316,1.4350694444444443,8,Summer
2015-08-26,11.305555555555555,20.348958333333332,2.1770833333333335,21.449652777777775,434.02777777777777,111.765625,25.526388888888885,1003.6399305555556,16.97951388888889,0.015624999999999984,1.2354166666666666,8,Summer
2015-08-27,10.848958333333334,21.48611111111111,2.204861111111111,22.878472222222225,438.0208333333333,109.45833333333333,25.446527777777778,1003.6611111111112,16.600694444444443,0.056944444444444436,1.262152777777778,8,Summer
2015-08-28,15.352430555555555,29.92013888888889,3.6041666666666665,23.762152777777775,470.8333333333333,122.91666666666667,26.001736111111114,1001.9010416666666,16.09722222222222,0.0,1.472222222222222,8,Summer
2015-08-29,27.088541666666668,46.204861111111114,2.460069444444444,20.553819444444443,601.7361111111111,178.859375,25.469097222222217,1003.2381944444445,16.228472222222223,0.0013888888888888833,1.8038194444444444,8,Summer
2015-08-30,27.253472222222218,33.53298611111111,2.9149305555555554,23.90451388888889,945.3125,141.5625,21.960763888888888,1005.9576388888889,17.772569444444443,0.26805555555555555,1.398263888888889,8,Summer
2015-08-31,25.663194444444443,28.753472222222225,2.210069444444444,24.793402777777775,707.8125,74.55729166666667,20.957638888888887,1007.18125,18.37465277777778,0.6159722222222223,1.0611111111111111,8,Summer
2015-09-01,10.449652777777777,14.118055555555555,2.1770833333333335,18.385416666666668,500.5208333333333,68.83333333333333,20.894444444444442,1007.2954861111111,17.755555555555556,0.19861111111111107,1.4072916666666666,9,Autumn
2015-09-02,9.149305555555555,16.821180555555554,2.342013888888889,18.04861111111111,434.72222222222223,86.64583333333333,24.798263888888886,1007.3135416666665,16.569791666666664,0.0,1.4041666666666666,9,Autumn
2015-09-03,14.0625,24.774305555555557,2.09375,18.366319444444443,468.0555555555556,128.78125,25.69861111111111,1008.1756944444445,17.0625,0.0,1.409027777777778,9,Autumn
2015-09-04,45.50347222222222,50.270833333333336,2.9895833333333335,25.083333333333332,1478.4722222222224,108.03125,21.48680555555556,1006.9930555555555,18.995833333333334,1.7645833333333334,1.730902777777778,9,Autumn
2015-09-05,17.28298611111111,17.996527777777775,2.006944444444444,21.182291666666668,662.6736111111112,89.52083333333333,17.941319444444442,1005.3184027777778,16.596875,1.0302083333333334,1.710763888888889,9,Autumn
2015-09-06,16.65625,27.98611111111111,2.2708333333333335,27.303819444444443,514.0625,117.30208333333333,22.166666666666668,1007.4496527777777,14.986458333333333,0.0024305555555555335,1.2697916666666667,9,Autumn
2015-09-07,23.614583333333332,41.55555555555555,2.501736111111111,35.71180555555555,645.8333333333334,139.79166666666666,22.832291666666666,1007.5552083333332,15.285763888888889,0.0,1.2996527777777775,9,Autumn
2015-09-08,49.53472222222222,77.94965277777779,6.28125,49.013888888888886,861.1111111111112,164.42708333333334,22.043055555555554,1009.2690972222222,15.253124999999999,0.0,1.1548611111111111,9,Autumn
2015-09-09,33.354166666666664,49.03125,2.8993055555555554,39.37847222222222,702.0833333333334,109.76041666666667,21.694791666666664,1013.6340277777778,15.348611111111111,0.0020833333333333,1.5836805555555555,9,Autumn
2015-09-10,7.980902777777778,12.930555555555555,2.1041666666666665,27.074652777777782,409.8958333333333,44.989583333333336,16.76111111111111,1016.020486111111,12.781944444444443,0.2819444444444444,1.53125,9,Autumn
2015-09-11,8.107638888888888,13.732638888888888,2.225694444444444,24.175347222222225,376.90972222222223,70.11458333333333,17.40659722222222,1010.5013888888889,11.060069444444444,0.1552083333333333,1.560763888888889,9,Autumn
2015-09-12,8.012152777777777,19.09201388888889,2.359375,25.567708333333332,352.6041666666667,69.36458333333333,19.957986111111108,1011.1680555555555,5.986111111111112,0.0,2.8072916666666665,9,Autumn
2015-09-13,18.70138888888889,48.33680555555555,3.225694444444444,42.33680555555555,543.75,107.30208333333333,21.74201388888889,1010.3114583333335,10.062847222222222,0.0,1.5378472222222221,9,Autumn
2015-09-14,62.93055555555555,100.20486111111113,9.899305555555555,54.114583333333336,826.9097222222222,145.203125,20.321180555555554,1012.5795138888889,12.922916666666666,0.0,1.3166666666666667,9,Autumn
2015-09-15,102.71006944444444,122.0625,13.765625,54.742559523809526,1129.6875,199.92361111111111,19.688541666666666,1013.975,13.192361111111111,0.0,1.0895833333333333,9,Autumn
2015-09-16,124.16261574074075,137.97395833333334,8.45138888888889,56.036259920634926,1194.0625,183.19791666666666,20.19097222222222,1012.4309027777778,14.261805555555556,0.0,1.1388888888888888,9,Autumn
2015-09-17,146.39120370370372,158.67708333333334,9.414930555555555,62.86875,1282.8472222222224,177.91666666666666,21.43020833333333,1011.3461805555556,16.14236111111111,0.0,1.1225694444444443,9,Autumn
2015-09-18,77.42708333333333,86.71527777777777,3.2777777777777772,46.532986111111114,882.8125,121.0625,23.378124999999997,1010.8156250000001,15.573958333333335,0.04270833333333329,1.3288194444444443,9,Autumn
2015-09-19,19.656249999999996,39.72743055555555,2.7621527777777772,43.435763888888886,506.4236111111111,114.14955357142857,21.740972222222222,1011.2791666666666,10.567708333333334,0.0,1.315972222222222,9,Autumn
2015-09-20,84.984375,109.43402777777777,9.072916666666666,49.317708333333336,1031.25,145.90104166666666,21.626041666666666,1007.4847222222223,15.032986111111112,0.0,1.496875,9,Autumn
2015-09-21,99.17708333333333,129.34722222222223,16.086805555555554,64.36458333333333,1197.5694444444446,175.625,21.977777777777778,1005.7107638888888,14.174999999999999,0.0,1.426388888888889,9,Autumn
2015-09-22,137.47569444444443,145.10416666666666,10.708333333333334,59.388888888888886,1460.1666666666667,121.45833333333333,20.371875,1004.0788194444444,16.36076388888889,0.09548611111111105,1.6975694444444445,9,Autumn
2015-09-23,30.020833333333332,41.26736111111111,2.0590277777777777,42.13194444444444,701.2916666666666,97.4375,20.152430555555554,1003.7944444444444,14.71111111111111,0.0006944444444444333,1.2972222222222223,9,Autumn
2015-09-24,97.1875,111.90277777777777,4.354166666666667,52.36805555555555,1155.2083333333333,122.61458333333333,19.946180555555554,1003.9131944444445,16.363194444444442,0.529513888888889,1.3774305555555557,9,Autumn
2015-09-25,19.836805555555554,30.253472222222218,2.553819444444444,35.60069444444444,530.7291666666666,95.70833333333333,19.023958333333333,1005.4607638888889,7.56701388888889,0.0072916666666666,1.6812500000000001,9,Autumn
2015-09-26,31.260416666666668,65.30555555555556,6.135416666666667,45.36805555555555,636.8055555555555,128.04166666666666,18.758680555555554,1007.6437500000001,8.788541666666667,0.0,1.454861111111111,9,Autumn
2015-09-27,48.145833333333336,77.63888888888889,3.607638888888889,55.49305555555555,771.4052287581699,113.64583333333333,20.987152777777776,1008.7121527777778,11.266319444444443,0.003124999999999992,1.1409722222222223,9,Autumn
2015-09-28,45.83506944444445,51.994791666666664,3.8541666666666665,43.61284722222222,1229.983660130719,62.755208333333336,17.25034722222222,1017.1694444444444,14.535416666666668,0.14513888888888887,1.1461805555555555,9,Autumn
2015-09-29,44.58680555555555,45.154513888888886,2.815972222222222,43.232638888888886,1133.3333333333333,22.895833333333332,14.943402777777777,1023.2076388888889,13.409027777777778,0.32222222222222224,1.0159722222222223,9,Autumn
2015-09-30,28.54861111111111,30.072916666666668,2.5277777777777777,36.994791666666664,673.6111111111111,48.63690476190476,15.514930555555557,1013.6784722222222,12.807986111111111,0.4295138888888889,1.253125,9,Autumn
2015-10-01,13.086805555555555,25.609375,2.53125,23.088541666666668,339.40972222222223,66.58333333333333,16.886458333333334,1006.7572916666667,3.2381944444444444,0.0017361111111111,4.048611111111111,10,Autumn
2015-10-02,27.826388888888886,61.864583333333336,3.923611111111111,44.427083333333336,592.0138888888889,88.73958333333333,18.013541666666665,1005.3055555555555,6.877430555555556,0.0,1.7788194444444443,10,Autumn
2015-10-03,26.192274305555557,60.24305555555555,4.350694444444445,46.069444444444436,643.4027777777777,85.41666666666667,18.317708333333332,1014.0517361111112,7.969791666666667,0.0,1.6156249999999999,10,Autumn
2015-10-04,99.36582341269842,132.5472341954023,9.79513888888889,72.02777777777779,1259.7222222222224,124.84375,17.268402777777776,1016.7309027777777,11.857291666666667,0.0,0.9718749999999999,10,Autumn
2015-10-05,198.01959325396822,206.8717672413793,9.302083333333334,75.31076388888889,1687.1527777777776,181.70833333333334,17.74375,1012.8479166666666,13.649652777777776,0.0,0.9913194444444445,10,Autumn
2015-10-06,263.7080853174603,268.421408045977,7.770833333333333,78.18055555555556,1937.8472222222224,200.40625,18.905555555555555,1010.8736111111111,14.80486111111111,0.0,1.0,10,Autumn
2015-10-07,246.29935515873015,247.3147988505747,7.586859809027779,75.34608289930556,1817.0355902777776,131.05208333333334,20.10833333333333,1008.7902777777778,13.318402777777777,0.0,1.3694444444444445,10,Autumn
2015-10-08,11.436129385964913,24.673901460727972,3.0088975694444446,23.994574652777775,393.79340277777777,87.03190104166667,15.888541666666669,1013.6461805555555,-5.153125,0.0,3.0395833333333333,10,Autumn
2015-10-09,15.646459899749374,35.85976498357964,3.0911768353174605,29.174572172619047,432.4776785714286,65.40243675595238,13.509722222222223,1005.8878472222223,-2.009375,0.0,2.8413194444444443,10,Autumn
2015-10-10,7.780195932539683,18.009041889025724,2.5804268973214284,15.28164527529762,298.35999503968253,55.021484375,12.442013888888889,1010.9538194444443,-5.080555555555556,0.0,3.7895833333333333,10,Autumn
2015-10-11,9.789930555555555,23.024305555555554,2.701388888888889,18.914930555555554,310.9375,74.55208333333333,17.50451388888889,1011.7413194444443,-1.097222222222222,0.0,3.156597222222222,10,Autumn
2015-10-12,16.196180555555554,38.07638888888889,3.815972222222222,43.663194444444436,466.6666666666667,71.3125,17.58888888888889,1015.0128472222223,0.7076388888888889,0.0,1.7954861111111111,10,Autumn
2015-10-13,31.081597222222218,64.125,6.163194444444444,62.142361111111114,725.0,70.15625,17.012847222222224,1014.1701388888888,4.2034722222222225,0.0,1.090625,10,Autumn
2015-10-14,94.06597222222221,131.92881944444443,15.020833333333334,88.76215277777779,1829.3402777777776,66.82291666666667,15.592013888888891,1011.8847222222221,8.40625,0.0,1.0062499999999999,10,Autumn
2015-10-15,104.35590277777777,125.27604166666667,9.317708333333334,86.55034722222223,1428.125,124.09375,16.566319444444446,1011.3375,9.133333333333335,0.0,1.0225694444444444,10,Autumn
2015-10-16,189.79166666666666,207.765625,12.538194444444443,104.01041666666667,1952.0833333333333,162.18229166666666,16.227430555555554,1012.0694444444445,11.121527777777779,0.0,0.9190972222222222,10,Autumn
2015-10-17,290.84722222222223,292.23263888888886,13.15625,113.93055555555554,2445.486111111111,102.73958333333333,15.761458333333335,1011.6427083333334,11.61701388888889,0.0,0.8517361111111111,10,Autumn
2015-10-18,53.170138888888886,70.87673611111111,6.800347222222222,42.857638888888886,824.1319444444445,54.994791666666664,15.885069444444445,1018.3847222222222,4.234375,0.0,2.1944444444444446,10,Autumn
2015-10-19,51.076388888888886,92.62847222222223,6.394097222222221,57.892361111111114,819.7916666666666,47.28125,13.619097222222223,1011.2194444444443,6.882986111111111,0.0,1.0986111111111112,10,Autumn
2015-10-20,75.22916666666667,107.02083333333333,8.458333333333334,64.88194444444444,1401.0416666666667,20.625,11.682986111111111,1012.3909722222221,7.512499999999999,0.0017361111111111,1.1989583333333333,10,Autumn
2015-10-21,50.482638888888886,53.25,2.694444444444444,40.13888888888889,955.3819444444445,27.958333333333332,10.276388888888889,1018.0538194444443,8.75625,0.04965277777777771,1.0690972222222224,10,Autumn
2015-10-22,29.701388888888886,34.12847222222222,2.2465277777777777,40.776041666666664,710.4166666666666,26.614583333333332,9.86875,1018.7274305555557,7.101041666666667,0.3072916666666667,0.8878472222222222,10,Autumn
2015-10-23,50.64930555555555,56.951388888888886,2.7083333333333335,50.85243055555555,842.0138888888888,44.78125,13.017361111111109,1012.6357638888888,8.871875000000001,0.0,1.0138888888888888,10,Autumn
2015-10-24,55.916666666666664,70.68055555555556,5.75,51.15972222222222,1061.2847222222222,51.380208333333336,13.495138888888889,1018.8572916666667,6.364583333333333,0.0,1.4725694444444446,10,Autumn
2015-10-25,36.59722222222222,63.4375,10.013888888888888,58.520833333333336,964.9305555555555,24.46875,11.193750000000001,1021.7434027777778,1.6229166666666666,0.08749999999999993,1.3753472222222223,10,Autumn
2015-10-26,33.07986111111111,55.75694444444445,2.097222222222222,31.48958333333333,544.0972222222223,51.354166666666664,10.811458333333334,1012.6569444444444,2.0524305555555555,0.08263888888888886,2.259027777777778,10,Autumn
2015-10-27,15.361111111111112,45.600694444444436,2.8958333333333335,35.01388888888889,482.2916666666667,54.432291666666664,11.129166666666668,1010.8402777777777,-4.689930555555556,0.0,1.8881944444444443,10,Autumn
2015-10-28,7.833333333333333,19.461805555555554,2.819444444444444,22.753472222222225,323.61111111111114,58.802083333333336,10.330555555555556,1017.0565972222222,-7.217708333333333,0.0,2.3899305555555554,10,Autumn
2015-10-29,7.177083333333333,21.381944444444443,2.534722222222222,18.14236111111111,311.9791666666667,60.041666666666664,8.558333333333332,1021.4569444444445,-10.748958333333333,0.0,2.7159722222222222,10,Autumn
2015-10-30,22.506944444444443,47.30902777777777,4.107638888888888,42.375,629.5138888888889,46.239583333333336,7.2437499999999995,1025.0583333333332,-4.847569444444445,0.0,1.3788194444444446,10,Autumn
2015-10-31,39.84374999999999,66.50347222222221,5.305555555555555,55.59375,856.0763888888888,41.875,7.504513888888888,1025.1809027777779,-2.7607638888888886,0.0,1.144097222222222,10,Autumn
2015-11-01,63.89409722222223,92.5798611111111,7.055555555555556,69.046875,1060.5902777777778,41.3125,8.903472222222222,1017.8513888888889,-1.2180555555555557,0.0,1.3656249999999999,11,Autumn
2015-11-02,74.34635416666667,105.11458333333333,8.494791666666666,74.19965277777777,1338.0208333333333,47.572916666666664,10.063194444444443,1015.5159722222221,-0.4225694444444444,0.0,1.1277777777777778,11,Autumn
2015-11-03,148.15574744152048,167.44956140350877,16.343110380116958,85.60179093567251,1891.6849415204679,62.67598684210526,9.391319444444443,1016.8597222222223,3.5194444444444444,0.0,1.115625,11,Autumn
2015-11-04,204.26352339181287,216.83863304093566,14.755847953216374,104.42425073099416,1963.0025584795321,34.82236842105264,9.822222222222221,1017.4322916666666,5.065625,0.0,0.828125,11,Autumn
2015-11-05,116.98784722222221,117.6267361111111,7.21875,54.803819444444436,1105.0347222222222,25.3125,8.193055555555555,1023.5336805555556,4.6937500000000005,0.14548611111111107,1.8847222222222222,11,Autumn
2015-11-06,20.961805555555554,21.01736111111111,2.954861111111111,28.729166666666668,584.5486111111111,38.572916666666664,1.7885416666666665,1025.1142361111113,-0.32708333333333334,0.42604166666666665,2.036111111111111,11,Autumn
2015-11-07,21.062499999999996,21.6875,2.925347222222222,29.510416666666668,640.2777777777778,40.307291666666664,2.5677083333333335,1022.1218749999999,-0.7236111111111113,0.1409722222222222,1.9246527777777775,11,Autumn
2015-11-08,57.79861111111111,58.541666666666664,3.6145833333333335,45.395833333333336,921.875,36.0625,4.031944444444444,1019.7635416666667,0.22500000000000006,0.0,1.0565972222222222,11,Autumn
2015-11-09,121.42708333333333,122.73958333333333,3.753472222222222,56.37847222222222,1597.048611111111,7.802083333333335,4.3649305555555555,1021.7302083333334,2.3253472222222222,0.0,1.0805555555555555,11,Autumn
2015-11-10,128.53125,129.19097222222223,3.826388888888889,54.833333333333336,1575.6944444444443,5.536458333333335,5.335069444444444,1023.5968750000001,3.5513888888888885,0.017013888888888874,1.0947916666666666,11,Autumn
2015-11-11,101.80381944444446,101.88888888888887,4.402777777777778,53.06597222222222,1832.2916666666667,11.78125,5.982638888888889,1025.1940972222221,3.763888888888889,0.005208333333333309,1.0159722222222223,11,Autumn
2015-11-12,149.24826388888889,150.39409722222223,5.732638888888889,58.67361111111111,2423.784722222222,3.5937500000000013,6.414236111111111,1024.215625,5.018055555555556,0.013541666666666641,0.9010416666666666,11,Autumn
2015-11-13,204.35416666666666,205.5173611111111,14.345486111111109,68.4826388888889,3043.2291666666665,3.6875,6.9788194444444445,1016.7913194444445,4.785763888888889,0.0,0.973611111111111,11,Autumn
2015-11-14,265.2204861111111,267.29340277777777,17.06597222222222,81.55034722222223,3555.034722222222,10.817708333333334,8.442013888888889,1010.7270833333333,5.711458333333333,0.0,1.0142361111111111,11,Autumn
2015-11-15,201.76215277777774,204.02604166666663,13.190972222222221,69.83333333333333,3273.611111111111,30.583333333333332,8.639236111111112,1014.8628472222223,5.065972222222222,0.031944444444444414,1.2253472222222224,11,Autumn
2015-11-16,57.69097222222222,63.546875,9.40625,51.170138888888886,1458.3333333333333,18.541666666666668,7.096875,1015.1885416666665,2.6635416666666667,0.08993055555555556,1.3291666666666668,11,Autumn
2015-11-17,60.66319444444445,76.68055555555556,7.378472222222221,44.90972222222222,1509.7222222222224,19.71875,5.434375,1020.4524305555556,0.05902777777777781,0.0,1.5211805555555555,11,Autumn
2015-11-18,65.6111111111111,73.82291666666667,7.638888888888889,45.171875,1135.4166666666667,8.458333333333334,3.9204861111111104,1021.5086805555555,-0.3048611111111111,0.0,1.8361111111111112,11,Autumn
2015-11-19,74.95833333333333,75.91319444444444,3.534722222222222,44.756944444444436,1604.3402777777776,2.6458333333333335,3.313541666666666,1020.0739583333334,2.386458333333333,0.2909722222222222,1.679861111111111,11,Autumn
2015-11-20,65.328125,65.328125,9.36111111111111,43.232638888888886,2374.652777777778,2.8541666666666665,0.9163194444444445,1021.8777777777777,-0.11770833333333332,0.12465277777777774,1.3076388888888888,11,Autumn
2015-11-21,45.80555555555555,45.838541666666664,7.619791666666667,42.08680555555555,2110.590277777778,3.9375000000000013,0.8340277777777777,1026.0579861111112,0.10555555555555557,0.20937499999999998,1.0944444444444443,11,Autumn
2015-11-22,52.296875,52.345486111111114,7.28125,38.369791666666664,1081.25,31.786458333333332,-1.7774305555555554,1030.182638888889,-3.3930555555555557,0.4204861111111111,1.3534722222222222,11,Autumn
2015-11-23,27.25173611111111,28.638888888888886,10.413194444444445,27.89236111111111,734.2013888888888,54.75978535353536,-2.945486111111111,1032.5902777777776,-9.049652777777778,0.0052083333333333,1.831597222222222,11,Autumn
2015-11-24,33.41493055555555,35.49305555555555,8.229166666666666,41.802083333333336,858.5069444444445,48.96306818181819,-5.812847222222222,1033.3166666666666,-12.104166666666666,0.010416666666666642,1.4479166666666667,11,Autumn
2015-11-25,50.772569444444436,54.41493055555555,9.592013888888888,37.088541666666664,1138.888888888889,49.70089285714286,-6.617708333333333,1025.9850694444447,-13.866666666666665,0.0,2.745486111111111,11,Autumn
2015-11-26,29.850694444444443,36.0625,10.255208333333334,31.397569444444443,753.6458333333334,55.510416666666664,-6.698263888888889,1026.4673611111111,-17.633680555555554,0.0,2.5833333333333335,11,Autumn
2015-11-27,197.76388888888889,203.42013888888889,33.94097222222222,88.75347222222223,2741.493055555555,17.270833333333332,-4.669791666666667,1020.3256944444446,-10.270486111111111,0.0,1.1715277777777777,11,Autumn
2015-11-28,254.00694444444446,256.4375,41.875,100.60069444444444,3804.5138888888887,12.729166666666666,-1.8538194444444445,1023.1951388888889,-6.433680555555555,0.0,1.1784722222222221,11,Autumn
2015-11-29,239.88888888888889,243.69791666666666,39.11111111111111,102.82291666666667,4656.25,24.052083333333332,-0.11874999999999998,1020.7694444444443,-3.9774305555555554,0.0,1.0135416666666666,11,Autumn
2015-11-30,307.60243055555554,314.0017361111111,21.848958333333332,113.86805555555556,5306.336805555556,13.40625,-1.6454861111111112,1019.4368055555556,-3.6690972222222222,0.0,1.013888888888889,11,Autumn
2015-12-01,473.05034722222223,478.1267361111111,35.87847222222222,134.82986111111111,7662.760416666667,6.989583333333335,0.20555555555555557,1013.8961805555555,-1.1857638888888888,0.0013888888888888833,1.0961805555555557,12,Winter
2015-12-02,19.24826388888889,24.803819444444446,4.625,18.567708333333332,517.1875,46.625,1.8336805555555555,1014.723611111111,-12.975347222222224,0.0,4.637152777777778,12,Winter
2015-12-03,9.854166666666666,20.090277777777775,4.480902777777778,14.323495370370372,376.33101851851853,48.5625,-0.48090277777777773,1018.1190972222224,-15.094444444444443,0.0,5.163541666666667,12,Winter
2015-12-04,25.664930555555554,35.515625,10.296875,37.42476851851851,766.550925925926,48.296875,1.4649305555555554,1020.8253472222223,-12.613888888888887,0.0,2.830208333333333,12,Winter
2015-12-05,47.90798611111111,64.70486111111111,16.614583333333332,58.020833333333336,1355.3819444444443,42.229166666666664,2.1732638888888887,1023.3496527777778,-8.565624999999999,0.0,1.440972222222222,12,Winter
2015-12-06,124.32291666666667,140.9409722222222,29.951388888888886,84.20833333333333,2684.027777777778,13.260416666666666,0.3968749999999999,1024.248263888889,-4.904861111111111,0.0,1.0479166666666666,12,Winter
2015-12-07,178.16319444444443,185.13194444444443,36.166666666666664,91.57638888888887,3363.194444444444,8.822916666666668,1.2326388888888888,1026.7604166666667,-2.730208333333333,0.0,1.029513888888889,12,Winter
2015-12-08,244.05902777777774,247.46180555555554,20.484375,90.88541666666667,4359.201388888889,7.062500000000001,0.7579861111111111,1024.6916666666668,-0.8333333333333334,0.0052083333333333166,0.986111111111111,12,Winter
2015-12-09,240.58333333333334,240.62152777777774,31.04861111111111,90.99652777777777,3594.444444444444,9.875000000000002,2.4854166666666666,1019.5913194444444,0.9972222222222222,0.013888888888888859,1.0052083333333333,12,Winter
2015-12-10,103.38715277777777,103.4392361111111,16.071180555555554,51.880208333333336,1838.0208333333333,56.098958333333336,3.7885416666666667,1020.0319444444444,-5.898263888888889,0.0,1.859375,12,Winter
2015-12-11,44.46875,49.451388888888886,14.411458333333334,58.145833333333336,1279.861111111111,37.375,1.0631944444444443,1023.1861111111111,-8.329513888888888,0.0,1.2597222222222222,12,Winter
2015-12-12,121.625,133.90625,21.92361111111111,83.66666666666667,2631.9444444444443,11.927083333333334,0.4420138888888889,1020.3840277777778,-5.749305555555555,0.0,1.0069444444444444,12,Winter
2015-12-13,173.04513888888889,184.04513888888889,37.27777777777778,96.0,3768.75,11.302083333333334,0.3184027777777778,1021.2145833333333,-4.721180555555555,0.0,0.982638888888889,12,Winter
2015-12-14,162.76736111111111,163.63541666666666,16.48263888888889,76.56944444444444,2830.555555555555,44.427083333333336,2.2399305555555555,1017.725,-4.310416666666666,0.08124999999999999,2.3979166666666667,12,Winter
2015-12-15,7.375,10.53125,3.4652777777777772,14.685763888888888,396.3541666666667,57.4375,1.0381944444444444,1020.5010416666665,-14.312152777777778,0.0,4.320833333333333,12,Winter
2015-12-16,7.001736111111111,11.923611111111112,4.092013888888888,16.25,423.9583333333333,46.895833333333336,-1.6850694444444445,1025.6715277777778,-16.561805555555555,0.0,3.772916666666667,12,Winter
2015-12-17,55.83506944444445,68.14756944444444,17.574652777777775,57.71180555555555,1442.7083333333333,29.458333333333332,-2.270486111111111,1026.5975694444444,-13.810763888888891,0.0,1.3597222222222223,12,Winter
2015-12-18,57.354166666666664,76.03298611111111,17.28472222222222,60.13194444444445,1649.1319444444443,37.46875,-0.08854166666666663,1027.8315972222224,-10.452430555555557,0.0,1.4736111111111112,12,Winter
2015-12-19,120.375,133.38888888888889,27.989583333333332,83.44097222222221,2829.8611111111113,14.520833333333334,-1.8569444444444443,1029.3694444444445,-6.695833333333333,0.0,0.9461805555555555,12,Winter
2015-12-20,192.59375,196.7361111111111,26.75,98.9375,3516.6666666666665,10.333333333333334,-1.5760416666666668,1020.7371527777777,-4.971180555555556,0.0,0.9253472222222223,12,Winter
2015-12-21,225.6111111111111,229.49305555555554,22.479166666666668,100.65972222222223,3996.180555555555,13.0625,-1.6197916666666667,1021.3729166666667,-5.288541666666667,0.0,0.9211805555555556,12,Winter
2015-12-22,287.64930555555554,295.1770833333333,29.06423611111111,100.11805555555556,5041.840277777778,10.729166666666666,-2.205208333333333,1022.15625,-4.559722222222223,0.0,1.0371527777777778,12,Winter
2015-12-23,259.8663194444444,270.0092592592593,21.063078703703702,101.07291666666667,4809.895833333333,33.71701388888889,-0.3152777777777778,1020.7222222222223,-5.397569444444444,0.0,1.0583333333333333,12,Winter
2015-12-24,132.22569444444443,142.3466435185185,17.82928240740741,75.19618055555556,2289.5833333333335,41.804398148148145,1.0381944444444444,1021.2982638888889,-8.707291666666666,0.0,1.4868055555555557,12,Winter
2015-12-25,465.0538194444444,494.640625,12.571180555555555,137.67361111111111,6972.569444444444,17.802083333333332,-3.2201388888888887,1013.4229166666668,-4.555902777777778,0.0,1.2392361111111112,12,Winter
2015-12-26,291.1354166666667,333.93402777777777,9.319444444444445,106.36979166666667,5261.111111111111,9.15625,-3.1881944444444446,1019.2364583333333,-5.294791666666667,0.0,1.548611111111111,12,Winter
2015-12-27,47.46527777777777,48.86111111111111,11.923611111111112,51.80902777777777,1106.9444444444446,24.375,-5.561805555555556,1032.6531249999998,-13.457291666666668,0.007291666666666624,1.3510416666666665,12,Winter
2015-12-28,108.22222222222223,116.1579861111111,21.364583333333332,76.3298611111111,2261.111111111111,14.385416666666666,-3.805902777777778,1029.248263888889,-10.646180555555556,0.0,1.1819444444444445,12,Winter
2015-12-29,264.0520833333333,281.7760416666667,32.94097222222222,114.64409722222223,4146.527777777778,9.489583333333334,-2.0649305555555557,1023.0760416666667,-6.784375,0.0,0.9142361111111111,12,Winter
2015-12-30,89.15972222222221,93.5763888888889,11.666666666666666,55.154513888888886,1636.8055555555557,58.0,1.1107638888888889,1024.757638888889,-9.380208333333334,0.0,2.2086805555555555,12,Winter
2015-12-31,58.53125,71.18229166666667,15.649305555555555,67.84722222222221,1675.3472222222224,32.604166666666664,-1.4559027777777775,1026.7777777777778,-10.026388888888889,0.0,1.0923611111111111,12,Winter
2016-01-01,167.76215277777777,181.52951388888889,32.942708333333336,102.49131944444444,3366.6666666666665,11.942708333333334,-1.8402777777777777,1018.0656250000001,-7.8336805555555555,0.0,0.9756944444444445,1,Winter
2016-01-02,254.1440972222222,264.1319444444444,34.67361111111111,120.60590277777777,4532.986111111111,15.197916666666666,-0.7118055555555557,1014.3527777777778,-6.042013888888889,0.0,0.923611111111111,1,Winter
2016-01-03,256.5416666666667,262.30902777777777,20.090277777777775,86.40625,3781.597222222222,21.604166666666668,-1.6680555555555554,1017.1930555555556,-4.764583333333333,0.0,1.0715277777777776,1,Winter
2016-01-04,43.083333333333336,45.23784722222222,6.302083333333333,32.904513888888886,1027.951388888889,60.0,-1.0763888888888888,1024.0482638888889,-14.798958333333333,0.0,2.472222222222222,1,Winter
2016-01-05,29.885416666666668,37.44444444444444,10.315972222222221,33.95486111111111,797.9166666666666,51.453125,-3.327083333333333,1024.434375,-18.834374999999998,0.0,2.285416666666667,1,Winter
2016-01-06,26.598958333333332,39.119791666666664,10.619791666666666,34.975694444444436,935.5902777777778,55.71875,-2.7486111111111113,1025.2916666666667,-16.860763888888886,0.0,2.490972222222222,1,Winter
2016-01-07,12.088789682539682,20.32390873015873,6.618055555555556,25.871527777777782,532.1180555555555,55.364583333333336,-3.36875,1026.0555555555557,-17.949305555555558,0.0,3.095486111111111,1,Winter
2016-01-08,29.84002976190476,40.98685515873016,12.032986111111112,38.135416666666664,925.6944444444445,51.864583333333336,-2.9413194444444444,1022.0493055555556,-17.202430555555555,0.0,2.196180555555556,1,Winter
2016-01-09,71.14236111111111,84.74305555555556,22.190972222222218,69.3611111111111,1772.222222222222,29.145833333333332,-3.0572916666666665,1019.3468750000001,-14.635416666666666,0.0,1.1163194444444444,1,Winter
2016-01-10,49.9375,61.322916666666664,21.229166666666668,55.407986111111114,1520.8333333333333,37.333333333333336,-2.863888888888889,1024.6871527777778,-15.710416666666667,0.0,1.5093750000000001,1,Winter
2016-01-11,11.036458333333334,21.932291666666668,5.913194444444444,23.256944444444443,542.3611111111111,59.817708333333336,-5.701736111111111,1030.4899305555555,-21.454166666666666,0.0,2.738888888888889,1,Winter
2016-01-12,13.126736111111112,26.685763888888886,7.559027777777778,27.49479166666666,629.5138888888889,56.833333333333336,-5.877430555555556,1026.7166666666665,-22.656944444444445,0.0,2.8083333333333336,1,Winter
2016-01-13,24.08829365079365,43.148809523809526,12.829861111111109,43.588541666666664,898.2638888888888,49.74652777777778,-3.0454861111111113,1018.6256944444444,-23.03958333333333,0.0,2.0638888888888887,1,Winter
2016-01-14,65.96726190476191,89.79563492063492,24.993055555555554,67.23611111111111,1805.9027777777776,42.75,-2.0343750000000003,1014.7572916666667,-18.332638888888887,0.0,1.5368055555555555,1,Winter
2016-01-15,93.8611111111111,120.58506944444444,32.67881944444444,80.77430555555556,2477.2569444444443,26.796875,-2.113541666666667,1012.3368055555557,-15.16423611111111,0.0,1.2194444444444443,1,Winter
2016-01-16,126.63194444444446,142.26041666666666,44.74652777777777,72.34027777777779,2561.4583333333335,15.166666666666666,-2.3229166666666665,1016.9173611111113,-10.090277777777777,0.003472222222222217,1.5121527777777777,1,Winter
2016-01-17,41.44097222222222,48.56597222222222,9.614583333333334,29.921875,887.1527777777778,68.88541666666667,-6.063888888888889,1020.7993055555556,-17.552777777777777,0.0159722222222222,2.6861111111111113,1,Winter
2016-01-18,9.520833333333334,42.42708333333333,4.376736111111112,16.09375,517.7083333333334,62.875,-9.129513888888889,1021.8510416666667,-25.546180555555555,0.0,3.608333333333334,1,Winter
2016-01-19,57.65625,81.58333333333333,20.958333333333332,58.3125,1553.472222222222,44.145833333333336,-8.207291666666668,1025.309375,-21.39513888888889,0.0,1.4281249999999999,1,Winter
2016-01-20,112.86458333333333,133.75,52.881944444444436,76.87847222222223,3325.0,14.364583333333334,-6.734375,1028.9642361111112,-16.321527777777778,0.0,1.3847222222222222,1,Winter
2016-01-21,131.48809523809524,137.6468253968254,28.479166666666668,68.21469907407406,2757.4074074074074,12.739583333333334,-5.662152777777778,1028.0170138888889,-9.915277777777778,0.002083333333333325,1.4118055555555555,1,Winter
2016-01-22,17.404265873015873,39.57539682539682,5.395833333333333,16.894675925925927,629.5717592592592,65.91666666666667,-10.214236111111111,1036.9309027777779,-27.549999999999997,0.0,3.9100694444444444,1,Winter
2016-01-23,8.911458333333334,40.498263888888886,3.909722222222222,12.190972222222221,565.7986111111111,63.96875,-15.064236111111112,1038.3128472222222,-32.41527777777778,0.0,4.034027777777777,1,Winter
2016-01-24,12.074652777777779,54.57986111111111,5.934027777777778,20.916666666666668,581.25,61.541666666666664,-9.674305555555556,1033.626736111111,-26.972569444444442,0.0,4.035069444444445,1,Winter
2016-01-25,26.494791666666668,45.359375,15.977430555555555,39.57118055555556,788.0208333333334,52.552083333333336,-3.0749999999999997,1024.5319444444444,-23.16111111111111,0.0,2.9427083333333335,1,Winter
2016-01-26,31.435763888888886,56.288194444444436,16.83159722222222,33.510416666666664,747.3958333333334,59.875,-2.1055555555555556,1022.3482638888889,-21.73645833333333,0.0,2.7583333333333333,1,Winter
2016-01-27,91.52083333333333,102.52256944444444,36.38888888888889,72.379375,2036.4583333333333,29.71875,-3.963888888888889,1021.8944444444445,-17.9375,0.0,1.1177083333333335,1,Winter
2016-01-28,120.0625,126.9236111111111,43.588541666666664,77.17097222222222,2322.5694444444443,38.786458333333336,-2.61875,1023.9041666666667,-16.468055555555555,0.0,1.315625,1,Winter
2016-01-29,66.24305555555556,84.62847222222221,35.74131944444444,55.854166666666664,1825.0,29.833333333333332,-4.700347222222223,1029.3506944444446,-16.59861111111111,0.0,1.6284722222222223,1,Winter
2016-01-30,49.47569444444445,56.611111111111114,21.135416666666668,47.29861111111111,1262.8472222222222,42.041666666666664,-5.801041666666666,1029.9017361111112,-19.90347222222222,0.0,1.6409722222222223,1,Winter
2016-01-31,18.458333333333332,25.871527777777775,9.13888888888889,27.357638888888886,577.0833333333334,66.92708333333333,-4.149652777777777,1031.4809027777776,-22.337499999999995,0.0,2.7229166666666664,1,Winter
2016-02-01,12.772569444444445,21.958333333333332,8.833333333333334,29.444444444444443,564.2361111111111,69.86458333333333,-1.8864583333333333,1029.9038194444445,-19.057291666666668,0.0,2.411805555555556,2,Winter
2016-02-02,26.734375,30.633680555555554,14.635416666666666,44.34375,851.5625,58.447916666666664,-1.5690972222222221,1025.0475694444444,-18.452430555555555,0.0,1.6809027777777779,2,Winter
2016-02-03,35.21180555555555,41.595486111111114,18.791666666666668,52.8125,1162.8472222222222,46.375,-0.9041666666666667,1022.2729166666668,-17.438194444444445,0.0,1.4243055555555555,2,Winter
2016-02-04,12.46875,21.708333333333332,7.678819444444444,22.204861111111114,469.6180555555556,72.61979166666667,0.6944444444444445,1024.9350694444445,-18.907638888888886,0.0,2.269097222222222,2,Winter
2016-02-05,9.770833333333334,30.623263888888886,5.5625,15.262152777777779,361.9791666666667,76.69791666666667,-0.09027777777777775,1025.0874999999999,-18.60972222222222,0.0,3.5819444444444444,2,Winter
2016-02-06,27.503472222222218,37.604166666666664,12.284722222222221,31.253472222222218,711.4583333333334,72.15625,0.15659722222222228,1023.3625000000001,-17.34027777777778,0.0,1.909722222222222,2,Winter
2016-02-07,42.927083333333336,71.671875,18.944444444444443,34.77777777777777,898.6111111111112,75.88541666666667,0.9916666666666667,1014.3163194444445,-16.380555555555556,0.0,2.0677083333333335,2,Winter
2016-02-08,191.47743055555554,235.3003472222222,53.697916666666664,36.05034722222222,1005.5555555555555,75.64583333333333,4.426041666666666,1009.248263888889,-14.137152777777779,0.0,2.6871527777777775,2,Winter
2016-02-09,40.59722222222222,47.850694444444436,18.760416666666668,37.885416666666664,1045.138888888889,81.57291666666667,3.8430555555555554,1015.5909722222223,-12.240277777777777,0.0,1.532638888888889,2,Winter
2016-02-10,92.46180555555556,97.23958333333333,46.37152777777778,61.375,2401.0416666666665,58.1875,1.9319444444444445,1012.4402777777777,-11.326041666666667,0.0,1.1392361111111111,2,Winter
2016-02-11,157.52256944444443,164.22048611111111,43.98611111111111,69.05555555555556,3141.6666666666665,28.510416666666668,3.7062499999999994,1010.9489583333333,-2.3934027777777778,0.0,0.7298611111111112,2,Winter
2016-02-12,147.8125,148.68402777777777,18.465277777777775,54.66493055555555,2202.0833333333335,41.5,4.660069444444445,1010.40625,0.5326388888888888,0.2913194444444444,1.2559027777777778,2,Winter
2016-02-13,10.199652777777777,12.571180555555555,5.015625,12.723958333333334,344.2708333333333,69.3125,0.5559027777777777,1019.8524305555557,-11.988194444444444,0.1319444444444444,4.653472222222223,2,Winter
2016-02-14,7.395833333333333,14.434027777777779,3.475694444444444,10.932291666666666,347.22222222222223,72.79166666666667,-4.327430555555556,1026.0645833333335,-21.550694444444442,0.0,4.432291666666667,2,Winter
2016-02-15,7.390625,44.756944444444436,3.6579861111111107,12.980902777777779,325.34722222222223,72.32291666666667,-0.5267361111111111,1020.2826388888889,-18.09375,0.0,4.2079861111111105,2,Winter
2016-02-16,7.519097222222222,37.55555555555555,4.951388888888888,15.515625,307.63888888888886,77.21354166666667,3.8663194444444446,1016.9545138888889,-14.375,0.0,3.9479166666666665,2,Winter
2016-02-17,41.56249999999999,48.145833333333336,15.135416666666666,44.0625,1001.3888888888888,74.72395833333333,3.614236111111111,1016.2076388888889,-10.668750000000001,0.0,1.669097222222222,2,Winter
2016-02-18,15.392361111111112,31.604166666666668,6.131944444444444,21.980902777777775,417.7083333333333,84.16666666666667,5.534375,1014.7569444444443,-16.320833333333333,0.0,3.640625,2,Winter
2016-02-19,14.982638888888888,30.625,5.423611111111111,25.29861111111111,504.6875,80.08333333333333,2.5746527777777777,1022.7440972222222,-16.367361111111112,0.0,2.5586805555555556,2,Winter
2016-02-20,14.678819444444445,21.17534722222222,5.737847222222222,18.697916666666668,420.4861111111111,79.609375,-0.3204861111111111,1024.5461805555556,-20.585416666666664,0.0,2.9517361111111113,2,Winter
2016-02-21,75.38888888888889,96.78472222222223,24.253472222222225,53.288194444444436,1386.111111111111,56.666666666666664,-0.4597222222222222,1020.5927083333332,-12.504166666666665,0.0,1.7909722222222222,2,Winter
2016-02-22,71.80902777777779,89.86805555555556,16.583333333333332,41.93402777777778,1147.2222222222222,80.98958333333333,1.8055555555555556,1021.8847222222222,-13.048958333333333,0.0,3.031597222222222,2,Winter
2016-02-23,11.097222222222221,19.17361111111111,4.939236111111112,15.336805555555555,350.8680555555556,80.95833333333333,-0.49756944444444434,1032.3496527777777,-20.127777777777776,0.0,2.813541666666666,2,Winter
2016-02-24,25.26388888888889,44.16840277777777,9.335069444444445,32.72048611111111,739.4097222222222,71.53993055555556,-0.2489583333333333,1029.1128472222222,-18.14375,0.0,2.138541666666667,2,Winter
2016-02-25,23.989583333333332,43.22222222222222,9.637152777777777,33.77777777777778,727.9513888888888,63.192708333333336,1.815277777777778,1026.6486111111112,-17.040625000000002,0.0,2.09375,2,Winter
2016-02-26,34.197916666666664,55.755208333333336,12.848958333333334,37.203125,741.1458333333334,69.5,2.838194444444445,1020.0343750000001,-15.731944444444444,0.0,2.1993055555555556,2,Winter
2016-02-27,20.809027777777775,29.414930555555554,8.710069444444445,34.14756944444445,581.7708333333334,71.91666666666667,3.8010416666666664,1018.8322916666667,-10.321180555555555,0.0,1.8611111111111114,2,Winter
2016-02-28,31.090277777777775,48.14236111111111,7.454861111111111,33.026041666666664,764.9305555555555,80.21875,0.7663194444444446,1024.376736111111,-14.001041666666666,0.0006944444444444417,3.0086805555555554,2,Winter
2016-02-29,31.809027777777775,40.39236111111111,11.25,38.60590277777777,674.4791666666666,74.21875,-0.9635416666666666,1027.443402777778,-17.262847222222224,0.0,1.7583333333333335,2,Winter
2016-03-01,114.62847222222223,123.4201388888889,29.114583333333332,80.38194444444444,1865.9722222222224,49.625,2.9302083333333333,1018.0163194444444,-10.968055555555557,0.0,1.4190972222222225,3,Spring
2016-03-02,159.30208333333334,170.25694444444443,30.534722222222225,105.20659722222223,2457.8125,62.666666666666664,7.713888888888889,1010.4565972222222,-7.1149305555555555,0.0,1.284375,3,Spring
2016-03-03,271.8125,278.74305555555554,44.657986111111114,114.4982638888889,3380.9027777777774,52.46875,7.826041666666666,1006.9322916666666,-1.1392361111111111,0.0,1.2166666666666668,3,Spring
2016-03-04,327.74652777777777,336.98611111111114,46.57465277777777,114.66493055555556,4374.652777777778,29.0625,6.252430555555556,1011.9385416666668,0.19409722222222223,0.0,1.2114583333333333,3,Spring
2016-03-05,60.29861111111111,304.8958333333333,3.100694444444444,19.99652777777778,382.1180555555555,78.69791666666667,8.822222222222221,1014.0329861111112,-14.546875,0.0,3.4302083333333333,3,Spring
2016-03-06,69.55034722222221,177.08333333333334,25.09375,64.60416666666667,1445.486111111111,51.447916666666664,4.940625,1011.7312499999999,-9.656944444444443,0.0,1.215277777777778,3,Spring
2016-03-07,35.873263888888886,91.19618055555556,10.779513888888888,30.84415064102564,903.2986111111112,83.0703125,5.649652777777778,1016.1510416666666,-15.551736111111111,0.0,3.5833333333333326,3,Spring
2016-03-08,9.9375,25.159722222222225,2.8020833333333335,14.171474358974358,351.3888888888889,77.5625,1.789236111111111,1024.9177083333332,-23.680902777777774,0.0,3.1770833333333335,3,Spring
2016-03-09,17.11111111111111,23.770833333333332,3.569444444444444,15.338541666666666,350.34722222222223,73.98958333333333,1.1260416666666666,1027.579861111111,-22.759027777777774,0.0,3.342013888888889,3,Spring
2016-03-10,13.376736111111109,47.65625,3.7395833333333335,15.447916666666666,356.7708333333333,76.20833333333333,2.4538194444444446,1025.0239583333334,-20.632986111111112,0.0,3.237847222222222,3,Spring
2016-03-11,21.65798611111111,49.66840277777777,7.149305555555556,31.904513888888886,562.8472222222223,77.14236111111111,2.9444444444444446,1018.4187499999999,-17.60625,0.0,1.9444444444444446,3,Spring
2016-03-12,105.59722222222221,134.39236111111111,37.49652777777778,78.43229166666667,1748.9583333333333,47.8125,3.108333333333333,1012.3357638888888,-10.39861111111111,0.0,1.3111111111111111,3,Spring
2016-03-13,31.15625,49.59722222222222,9.267361111111112,32.44965277777778,662.8472222222223,92.36458333333333,6.919097222222223,1018.2750000000001,-15.002430555555556,0.0,2.9315972222222224,3,Spring
2016-03-14,73.15972222222221,110.8107638888889,19.071180555555554,60.513888888888886,1230.5555555555557,75.79166666666667,7.972916666666666,1016.6506944444445,-10.934027777777779,0.0,1.7791666666666668,3,Spring
2016-03-15,138.51041666666666,190.01215277777774,44.58159722222222,77.24826388888889,1551.9097222222224,55.083333333333336,8.637847222222222,1011.6305555555555,-6.35625,0.0,1.5340277777777775,3,Spring
2016-03-16,242.98958333333334,268.046875,36.99305555555555,88.31076388888887,2198.611111111111,118.51041666666667,9.055555555555555,1010.4003472222222,-0.7413194444444445,0.0,1.3649305555555555,3,Spring
2016-03-17,288.44965277777777,292.03125,30.6875,99.35243055555556,2251.5625,106.78125,10.36111111111111,1006.2121527777778,1.7093750000000003,0.0,1.1565972222222223,3,Spring
2016-03-18,188.75868055555554,194.68576388888889,13.038194444444445,66.59375,1545.138888888889,111.04166666666667,13.631597222222224,1006.2875,-3.345486111111111,0.0,1.8982638888888888,3,Spring
2016-03-19,61.984375,108.49652777777777,16.246527777777775,42.161458333333336,1012.1527777777778,77.01041666666667,11.193055555555555,1016.2913194444445,-4.0413194444444445,0.0,1.9527777777777777,3,Spring
2016-03-20,63.21527777777777,100.73090277777777,9.631944444444445,59.29340277777777,987.3263888888888,86.34375,11.442013888888889,1019.7920138888888,-4.6506944444444445,0.0,1.4545138888888889,3,Spring
2016-03-21,119.64409722222221,172.48611111111111,19.449652777777775,76.83159722222221,1217.7083333333333,115.3888888888889,11.812152777777778,1016.2802083333335,-2.4743055555555555,0.0,1.5277777777777777,3,Spring
2016-03-22,107.8298611111111,200.0815972222222,24.961805555555554,73.375,1386.111111111111,82.71354166666667,12.702430555555553,1016.1920138888889,-1.153125,0.0,1.8531250000000001,3,Spring
2016-03-23,16.852430555555554,36.232638888888886,4.038194444444445,24.72048611111111,484.2013888888889,86.31770833333333,9.705555555555556,1025.4854166666667,-12.450000000000001,0.0,2.6621527777777776,3,Spring
2016-03-24,12.041666666666666,22.348958333333332,3.1059027777777772,28.045138888888886,412.15277777777777,87.69270833333333,8.827777777777778,1025.9677083333333,-13.645833333333334,0.0,1.8947916666666667,3,Spring
2016-03-25,15.659722222222221,30.576388888888886,3.809027777777778,32.92534722222222,438.71527777777777,90.15104166666667,9.29861111111111,1022.5625,-11.394097222222221,0.0,1.7625,3,Spring
2016-03-26,12.145833333333334,30.21875,4.434027777777778,26.006944444444443,389.7569444444444,90.70833333333333,13.467361111111112,1018.5486111111112,-10.6625,0.0,2.5635416666666666,3,Spring
2016-03-27,14.850694444444445,40.56944444444444,5.043402777777778,33.072916666666664,385.2430555555555,92.9375,15.727430555555555,1012.6920138888887,-12.582638888888889,0.0,2.223611111111111,3,Spring
2016-03-28,70.1875,181.59201388888889,15.467013888888888,65.59375,799.4791666666666,77.28125,15.149652777777776,1005.7590277777778,-5.988194444444445,0.0,1.9934027777777779,3,Spring
2016-03-29,17.788194444444443,67.921875,4.793402777777778,29.125,392.3611111111111,95.81770833333333,16.275000000000002,1009.9298611111111,-5.40625,0.0,2.461805555555556,3,Spring
2016-03-30,27.135416666666668,70.26388888888889,8.45486111111111,38.59375,549.4791666666666,94.125,15.717708333333334,1010.5524305555555,-6.717013888888889,0.0,2.082986111111111,3,Spring
2016-03-31,148.7534722222222,236.52777777777774,33.208333333333336,73.85069444444444,1454.6875,118.95833333333333,15.35798611111111,1001.6291666666667,3.6288194444444444,0.0,1.8954861111111108,3,Spring
2016-04-01,40.5875,140.48541666666668,5.930555555555556,26.14236111111111,461.1111111111111,106.20833333333333,17.476388888888888,1002.713888888889,0.7600694444444445,0.0017361111111111084,3.4829861111111113,4,Spring
2016-04-02,8.301388888888889,27.780208333333334,2.732638888888889,15.373263888888888,267.7083333333333,86.85416666666667,14.886111111111111,1014.3451388888889,-8.996527777777777,0.0,2.970833333333333,4,Spring
2016-04-03,19.01720328282828,50.59359217171717,2.893939393939394,23.409564393939394,309.65909090909093,93.56818181818181,14.4,1015.4173611111111,-11.209027777777777,0.0,2.1024305555555554,4,Spring
2016-04-04,71.13904671717172,109.06092171717172,10.988005050505052,45.82133838383837,580.2714646464647,120.74905303030305,14.869791666666666,1006.5836805555555,-0.09166666666666658,0.0,2.1531249999999997,4,Spring
2016-04-05,113.52083333333333,152.40277777777777,17.83159722222222,50.373263888888886,967.5347222222222,144.06770833333334,15.379861111111111,1006.4166666666666,2.9868055555555557,0.0,2.381597222222222,4,Spring
2016-04-06,136.02083333333334,169.11979166666666,30.347222222222218,67.88541666666667,1971.5277777777776,100.25,14.18611111111111,1003.7149305555555,2.9427083333333335,0.0,1.3145833333333334,4,Spring
2016-04-07,86.50694444444444,136.20138888888889,4.699652777777778,43.83159722222222,1068.576388888889,91.21875,17.505208333333332,1005.5663194444445,-3.683333333333333,0.0,2.695138888888889,4,Spring
2016-04-08,21.815972222222218,82.92534722222221,4.300347222222222,28.640625,336.80555555555554,97.796875,17.90173611111111,1007.88125,-12.457986111111111,0.0,3.2861111111111114,4,Spring
2016-04-09,77.82590996168582,244.390625,10.800347222222221,52.05857487922705,701.7361111111112,97.17708333333333,16.050694444444446,1004.0027777777779,-1.3979166666666665,0.0,2.206597222222222,4,Spring
2016-04-10,59.00047892720306,194.671875,13.010416666666666,39.223128019323674,774.8263888888888,95.8125,12.96736111111111,1011.6725694444444,-6.882638888888889,0.0,2.0645833333333328,4,Spring
2016-04-11,40.18402777777778,101.09895833333333,9.029513888888888,39.440519323671495,574.1319444444445,89.10416666666667,10.497569444444444,1012.2430555555557,-4.993402777777778,0.003472222222222217,2.451388888888889,4,Spring
2016-04-12,76.99131944444444,89.65104166666667,5.746527777777778,57.017361111111114,756.5972222222222,75.79166666666667,11.349652777777779,1002.0416666666666,5.094097222222222,0.1315972222222222,1.5368055555555555,4,Spring
2016-04-13,118.73090277777777,145.77256944444443,6.385416666666667,62.732638888888886,944.0972222222223,105.17708333333333,16.702430555555555,998.7430555555557,1.4819444444444443,0.0,2.202083333333333,4,Spring
2016-04-14,31.24722222222222,95.36284722222221,3.2788194444444443,24.800347222222218,338.6458333333333,108.96354166666667,17.898611111111112,1008.6923611111112,-4.539583333333333,0.0,2.6534722222222222,4,Spring
2016-04-15,58.716319444444444,101.7673611111111,17.163888888888888,58.765625,1053.888888888889,93.26041666666667,15.529513888888888,1006.4083333333333,1.7218749999999998,0.0,1.7350694444444443,4,Spring
2016-04-16,33.65711805555555,75.49999999999999,2.3541666666666665,18.65625,333.50694444444446,83.40625,15.372569444444444,1004.0315972222221,0.3187499999999999,0.09305555555555552,3.547222222222222,4,Spring
2016-04-17,15.474826388888888,36.09201388888889,2.1875,14.107638888888888,276.7361111111111,92.26041666666667,15.49201388888889,1005.2065972222223,-8.323263888888889,0.0,3.9791666666666665,4,Spring
2016-04-18,17.39236111111111,33.38194444444444,2.5243055555555554,21.256944444444443,306.4236111111111,100.09375,14.822916666666666,1007.2975694444444,-5.773958333333333,0.0,2.517361111111111,4,Spring
2016-04-19,71.63368055555556,99.2638888888889,18.9375,63.42361111111111,1283.5069444444443,71.90625,12.827430555555557,1010.7302083333334,1.8416666666666668,0.0,1.8496527777777778,4,Spring
2016-04-20,67.15277777777779,82.77604166666667,8.434027777777777,41.630208333333336,858.1597222222222,121.04166666666667,18.09131944444444,1006.4055555555556,2.6958333333333333,0.0,1.9180555555555554,4,Spring
2016-04-21,99.88958333333333,150.921875,7.107638888888889,57.677083333333336,940.625,122.26041666666667,20.148611111111112,997.7440972222221,0.3819444444444446,0.0,2.352430555555556,4,Spring
2016-04-22,34.856944444444444,104.26041666666667,2.25,19.848958333333332,240.9722222222222,108.53125,19.787847222222222,1003.2333333333332,-12.514236111111112,0.0,3.226736111111111,4,Spring
2016-04-23,21.493055555555554,55.239583333333336,3.222222222222222,27.96875,314.93055555555554,97.34375,16.84722222222222,1008.4548611111112,-10.293402777777777,0.0,2.2131944444444445,4,Spring
2016-04-24,85.15625,146.9097222222222,20.979166666666668,50.95396505376343,884.375,151.625,17.17361111111111,1004.9899305555555,2.3555555555555556,0.0,2.0427083333333336,4,Spring
2016-04-25,91.13368055555554,142.38715277777777,13.595486111111112,33.287354390681,727.9513888888888,172.32291666666666,21.21701388888889,1005.9840277777779,9.546180555555555,0.0,2.752083333333333,4,Spring
2016-04-26,77.82266865079366,126.33246527777777,25.078125,42.322916666666664,1362.1527777777778,145.59722222222223,17.702430555555555,1010.3371527777778,3.9583333333333335,0.0,2.0,4,Spring
2016-04-27,88.35441468253968,103.11024305555554,9.565972222222223,59.270833333333336,1067.7083333333333,123.59375,14.922222222222222,1008.5715277777778,7.878125,0.02187499999999999,1.170138888888889,4,Spring
2016-04-28,83.81770833333333,102.4045138888889,6.972222222222222,48.982638888888886,971.1805555555555,184.54166666666666,18.23402777777778,1008.2315972222221,7.614583333333333,0.014583333333333332,2.0319444444444446,4,Spring
2016-04-29,120.46527777777777,141.921875,16.149305555555554,60.11284722222222,1292.7083333333333,184.90625,17.948958333333334,1002.1545138888888,8.225,0.002083333333333317,1.7059027777777775,4,Spring
2016-04-30,159.98958333333334,180.7829861111111,9.328125,60.36805555555555,1419.2708333333333,234.27083333333334,21.90138888888889,996.6121527777777,12.319444444444445,0.0,2.0284722222222222,4,Spring
2016-05-01,194.629577020202,202.96509971509968,22.98848684210526,42.53673245614035,2331.25,232.702850877193,22.852777777777774,994.942361111111,14.848958333333334,0.00555555555555555,1.3885416666666666,5,Spring
2016-05-02,63.53125,104.10857371794873,3.010051169590643,20.80391081871345,896.5277777777778,165.25383771929825,15.251041666666666,1002.5548611111112,8.211805555555555,0.42291666666666666,2.6229166666666663,5,Spring
2016-05-03,28.01278409090909,62.45063212250712,2.2948647660818713,25.81213450292398,544.4444444444445,101.86677631578948,18.70034722222222,995.8458333333333,-2.8093749999999997,0.0,3.1065972222222222,5,Spring
2016-05-04,38.427083333333336,60.02430555555555,3.7604166666666665,46.99652777777777,524.6527777777778,121.55208333333333,20.321180555555554,999.5107638888888,-0.5743055555555556,0.0,1.6552083333333334,5,Spring
2016-05-05,54.295138888888886,109.96527777777779,13.939236111111112,44.572916666666664,918.9236111111112,129.375,20.577430555555555,999.6472222222222,3.3774305555555557,0.0,2.0506944444444444,5,Spring
2016-05-06,64.7517361111111,172.4548611111111,2.0104166666666665,12.161458333333334,220.4861111111111,108.17708333333333,20.148611111111112,1005.8697916666666,-5.137152777777778,0.0,3.7274305555555554,5,Spring
2016-05-07,21.208333333333332,43.944444444444436,2.859375,25.23611111111111,271.52777777777777,128.578125,21.04965277777778,1011.3972222222222,-5.299652777777777,0.0,2.135763888888889,5,Spring
2016-05-08,61.25347222222222,107.2048611111111,15.098958333333334,44.51909722222222,730.0347222222222,155.796875,19.896180555555556,1006.8222222222222,5.732291666666666,0.0,2.3125,5,Spring
2016-05-09,35.03645833333333,61.041666666666664,4.300347222222222,35.93402777777778,510.4166666666667,130.609375,17.759027777777778,1006.3256944444444,9.965277777777779,0.0097222222222222,1.6298611111111112,5,Spring
2016-05-10,39.671875,63.25347222222223,3.409722222222222,34.84548611111111,528.4722222222223,159.92708333333334,20.78472222222222,1003.4503472222223,8.389236111111112,0.0,1.8461805555555555,5,Spring
2016-05-11,145.76041666666666,164.65104166666666,12.381944444444445,35.48784722222222,1079.1666666666667,177.03125,22.414930555555557,995.6642361111111,14.114583333333334,0.08124999999999996,2.1590277777777778,5,Spring
2016-05-12,37.27256944444444,52.326388888888886,3.402777777777778,25.45486111111111,501.21527777777777,131.63541666666666,17.44861111111111,1004.2465277777777,5.056597222222222,0.6062500000000001,2.773611111111111,5,Spring
2016-05-13,32.12152777777778,57.97222222222222,5.527777777777778,41.201388888888886,576.3888888888889,127.59895833333333,17.212500000000002,1014.3222222222222,2.771875,0.0,2.346875,5,Spring
2016-05-14,39.27256944444444,47.522569444444436,2.694444444444444,35.49305555555556,533.3333333333334,94.625,13.891666666666666,1011.071875,9.940277777777778,0.33645833333333336,1.6569444444444443,5,Spring
2016-05-15,33.06770833333333,42.52430555555555,2.225694444444444,32.03125,482.2916666666667,87.57291666666667,17.367013888888888,1007.4017361111111,2.210763888888889,0.0,1.6802083333333335,5,Spring
2016-05-16,22.840277777777782,51.614583333333336,2.9895833333333335,40.81423611111111,478.9930555555556,126.20833333333333,21.96388888888889,1002.1517361111111,2.441666666666667,0.0,2.448611111111111,5,Spring
2016-05-17,56.270833333333336,100.41840277777779,10.366319444444445,49.71875,593.75,227.38541666666666,24.069097222222222,1002.8871527777777,8.531597222222222,0.0,2.1576388888888887,5,Spring
2016-05-18,58.96875,97.17708333333333,8.430555555555555,33.96180555555555,520.4861111111111,198.59375,24.424305555555552,1006.3670138888889,11.74375,0.0,2.3701388888888886,5,Spring
2016-05-19,84.7013888888889,107.2482638888889,13.744791666666666,37.25868055555555,747.7430555555555,246.8125,24.068402777777777,1008.0704861111111,10.061458333333334,0.0,2.0375,5,Spring
2016-05-20,87.82118055555554,104.95659722222223,18.93923611111111,46.28298611111111,1061.8055555555554,239.38541666666666,22.840277777777782,1009.9093750000001,9.646180555555555,0.0,1.826388888888889,5,Spring
2016-05-21,68.53472222222221,84.15277777777777,16.32964409722222,42.723987758945384,817.8602430555555,218.17708333333334,22.517013888888886,1012.90625,8.24236111111111,0.0,1.5947916666666666,5,Spring
2016-05-22,47.01909722222222,80.89930555555556,7.4609375,47.95397834274953,633.0729166666666,197.2456597222222,23.23611111111111,1011.5510416666666,7.198611111111112,0.0,1.5378472222222221,5,Spring
2016-05-23,62.30034722222222,88.74305555555554,13.699001736111112,45.332450564971744,888.9973958333334,182.31653834541063,20.522916666666664,1004.2750000000001,10.011458333333334,0.06666666666666664,1.9197916666666666,5,Spring
2016-05-24,18.34548611111111,33.22048611111111,2.847222222222222,27.5,362.15277777777777,150.55446105072463,21.083680555555553,997.5569444444444,6.601736111111111,0.0,2.4673611111111113,5,Spring
2016-05-25,11.796875,26.394097222222218,2.2395833333333335,21.748263888888886,315.625,120.11458333333333,21.89548611111111,1000.2895833333333,6.339930555555555,0.005208333333333291,2.1489583333333333,5,Spring
2016-05-26,21.789930555555554,53.02777777777777,2.298611111111111,29.133680555555554,325.34722222222223,114.9375,24.130208333333332,1003.4770833333332,3.946875,0.0,2.290625,5,Spring
2016-05-27,46.90625,101.92534722222223,11.300347222222221,47.932291666666664,623.6111111111111,181.16145833333334,23.776388888888885,1003.68125,7.343055555555556,0.0,2.409722222222222,5,Spring
2016-05-28,48.32465277777777,86.1701388888889,9.088541666666666,37.170138888888886,661.6319444444445,201.59375,24.007638888888888,999.9454861111111,9.301041666666666,0.0,2.3180555555555555,5,Spring
2016-05-29,31.800347222222218,63.866319444444436,4.482638888888888,28.027777777777775,444.7916666666667,163.83333333333334,24.88576388888889,1000.7791666666667,3.5253472222222224,0.0,2.377083333333333,5,Spring
2016-05-30,79.64930555555556,145.77083333333334,15.166666666666666,48.748263888888886,1063.5416666666667,285.6041666666667,26.043402777777775,997.2552083333334,12.732291666666669,0.0,1.5520833333333333,5,Spring
2016-05-31,50.499189814814805,115.97847222222224,10.865625,35.26944444444444,867.1527777777778,233.76041666666666,24.616666666666664,1002.9545138888889,8.716319444444444,0.0,1.9208333333333332,5,Spring
2016-06-01,35.67962962962963,68.81666666666666,5.3687499999999995,39.27048611111111,639.7916666666666,168.57291666666666,24.182291666666668,1006.4777777777778,7.336111111111111,0.0,1.528472222222222,6,Summer
2016-06-02,51.93055555555555,85.9826388888889,8.197916666666666,48.526041666666664,727.0833333333334,221.08854166666666,25.29861111111111,1003.5590277777777,7.588888888888889,0.0,1.8531249999999997,6,Summer
2016-06-03,79.67013888888889,118.67534722222223,20.0625,59.32986111111111,1164.9305555555554,222.91927083333334,24.349305555555556,1000.4451388888889,10.55625,0.0,1.4833333333333334,6,Summer
2016-06-04,88.05320150659134,119.7767001915709,15.955459770114942,36.939894636015325,879.1666666666666,239.04166666666666,26.346527777777776,1000.3680555555555,12.128124999999999,0.0,1.8840277777777776,6,Summer
2016-06-05,77.5356638418079,101.6242816091954,13.49808429118774,37.32219827586207,865.625,223.67672413793105,24.569097222222222,1003.9124999999999,13.950694444444444,0.0,1.929861111111111,6,Summer
2016-06-06,88.06217631826742,103.15457375478927,7.661039272030652,32.63547653256705,878.8194444444445,253.55639367816093,24.324652777777782,1003.7666666666665,15.580555555555556,0.2548611111111111,1.7305555555555554,6,Summer
2016-06-07,57.90972222222222,75.75694444444444,2.222222222222222,26.07417929292929,816.6666666666666,208.76903735632186,22.301041666666663,1005.5743055555555,16.483333333333334,0.23680555555555552,1.7954861111111111,6,Summer
2016-06-08,122.57291666666667,125.44097222222221,2.4305555555555554,34.957070707070706,1184.375,221.86458333333334,24.521874999999998,1002.4510416666667,17.648958333333333,0.0,1.660763888888889,6,Summer
2016-06-09,111.71180555555556,133.02430555555554,6.597222222222222,34.104166666666664,1044.9652777777778,217.58072916666666,26.628125,999.5975694444445,15.350694444444443,0.33402777777777776,2.5552083333333333,6,Summer
2016-06-10,51.677083333333336,54.99652777777778,2.265625,19.446180555555554,644.2708333333334,184.77604166666666,24.39236111111111,997.7302083333334,16.17534722222222,0.5805555555555555,2.0281249999999997,6,Summer
2016-06-11,10.135416666666666,22.697916666666668,2.256944444444444,20.387152777777775,339.93055555555554,116.22916666666667,25.643055555555552,1001.5166666666668,9.75798611111111,0.0,2.13125,6,Summer
2016-06-12,68.28472222222221,84.66319444444444,6.784722222222222,33.42881944444444,982.4652777777778,211.1875,25.075694444444448,1000.8208333333333,15.269791666666668,0.00416666666666665,1.5850694444444444,6,Summer
2016-06-13,45.154513888888886,48.66840277777777,2.585069444444444,27.628472222222218,602.7777777777777,169.79166666666666,19.924305555555552,997.5947916666668,17.270833333333332,0.4701388888888889,1.5361111111111112,6,Summer
2016-06-14,35.232638888888886,37.52777777777777,2.0902777777777777,24.29861111111111,592.8819444444445,95.51041666666667,19.26597222222222,994.1340277777778,15.980208333333332,0.0972222222222222,1.6944444444444444,6,Summer
2016-06-15,18.305555555555554,29.302083333333332,2.1840277777777777,27.666666666666668,487.15277777777777,149.38541666666666,23.62986111111111,996.3208333333333,14.175347222222223,0.11736111111111104,1.5479166666666666,6,Summer
2016-06-16,24.697916666666668,44.73784722222222,2.25,44.14409722222222,529.5138888888889,145.25,26.54201388888889,992.4142361111111,13.514583333333333,0.0,1.5322916666666666,6,Summer
2016-06-17,23.14236111111111,52.34375,2.3229166666666665,42.625,511.6319444444445,104.08854166666667,25.38576388888889,992.3673611111112,14.101041666666667,0.006250000000000001,1.6503472222222222,6,Summer
2016-06-18,39.29340277777778,68.27083333333333,4.045138888888888,43.572916666666664,664.2361111111111,208.15625,26.52013888888889,998.5611111111111,15.786805555555558,0.0,1.9277777777777778,6,Summer
2016-06-19,58.638888888888886,84.50694444444444,4.472222222222222,37.59722222222222,728.8194444444445,211.03125,28.660069444444446,998.979513888889,14.988194444444446,0.0,1.8815972222222221,6,Summer
2016-06-20,89.44034090909092,102.38229166666666,5.274652777777778,27.953819444444445,989.4097222222222,232.4732638888889,27.861805555555552,996.5236111111111,19.16076388888889,0.13333333333333328,1.7121527777777776,6,Summer
2016-06-21,84.15861742424242,95.96493055555555,2.4406250000000003,28.99236111111111,871.0069444444445,238.2932291666667,27.73229166666667,995.9173611111113,20.35173611111111,0.03159722222222219,1.7406249999999999,6,Summer
2016-06-22,54.49305555555555,68.17361111111111,2.2621527777777777,31.326388888888886,712.6736111111112,215.26041666666666,27.413541666666664,996.4072916666665,19.543055555555558,0.004166666666666625,1.7885416666666665,6,Summer
2016-06-23,76.69270833333333,95.91666666666667,4.689236111111111,35.338541666666664,1045.6597222222222,182.796875,27.362847222222218,997.2621527777778,18.403125,0.04340277777777777,1.534375,6,Summer
2016-06-24,14.171875,26.295138888888886,2.256944444444444,28.404513888888886,605.5555555555555,141.43645833333332,27.184027777777775,999.9649305555555,8.353819444444445,0.0024305555555555417,2.2104166666666667,6,Summer
2016-06-25,16.452178030303028,32.031723484848484,2.466512345679012,27.46597222222222,343.3526234567901,113.10428240740741,29.90590277777778,1000.9993055555556,8.454513888888888,0.0,1.9840277777777777,6,Summer
2016-06-26,39.896622474747474,71.41540404040404,5.002777777777777,38.74027777777778,496.4583333333333,199.7650462962963,29.671180555555555,999.3913194444444,11.447569444444445,0.0,2.1510416666666665,6,Summer
2016-06-27,58.69113005050505,83.26815025252525,6.721682098765432,38.31458333333333,672.8626543209876,159.6613425925926,26.06284722222222,997.5746527777777,15.18888888888889,0.14895833333333328,1.939236111111111,6,Summer
2016-06-28,67.6111111111111,68.15625,2.0833333333333335,31.201388888888886,682.2916666666666,124.13541666666667,20.79548611111111,999.8701388888888,18.391319444444445,0.6510416666666666,1.5135416666666666,6,Summer
2016-06-29,110.8298611111111,110.97222222222221,2.0034722222222223,32.66319444444444,869.4444444444445,166.51041666666666,24.013541666666665,998.6163194444445,19.945833333333333,0.042013888888888844,1.3274305555555554,6,Summer
2016-06-30,60.99305555555555,66.46180555555556,2.111111111111111,31.802083333333332,706.25,187.03125,26.642013888888886,997.6479166666667,18.636458333333334,0.04097222222222218,1.5204861111111112,6,Summer
2016-07-01,13.184027777777779,24.79513888888889,2.03125,21.76736111111111,377.4305555555556,148.43437500000002,27.550694444444446,998.0204861111112,13.205902777777778,0.007291666666666666,1.9072916666666666,7,Summer
2016-07-02,44.532986111111114,61.23090277777778,2.595486111111111,36.00694444444444,637.5,206.06372782002532,27.56284722222222,998.9600694444443,16.068402777777777,0.0,1.773611111111111,7,Summer
2016-07-03,77.875,99.52777777777777,7.4375,42.91840277777777,931.9444444444443,223.71954214195185,27.611111111111114,1000.4277777777776,18.53055555555555,0.013194444444444434,1.6604166666666664,7,Summer
2016-07-04,130.67650462962965,136.58738425925927,4.788194444444445,31.350694444444446,1229.1666666666667,235.8045983840304,27.65590277777778,1001.8097222222223,20.28333333333333,0.00034722222222221665,1.878125,7,Summer
2016-07-05,93.21064814814814,101.14699074074075,4.864583333333333,28.428819444444443,983.6805555555555,242.65007129277566,27.737847222222218,1004.6138888888889,18.37951388888889,0.0,1.782986111111111,7,Summer
2016-07-06,75.06597222222221,91.53125,4.78125,34.05902777777778,913.5416666666666,233.52158586818757,28.70486111111111,1005.7218750000001,17.160763888888887,0.0,1.7052083333333334,7,Summer
2016-07-07,109.78125,120.73611111111113,7.482638888888889,31.557291666666668,1233.6805555555557,251.11185044359948,28.60486111111111,1005.0951388888889,19.058333333333334,0.0,1.9243055555555555,7,Summer
2016-07-08,92.08680555555556,99.74652777777777,5.520833333333333,33.37152777777778,1185.4166666666667,218.84794835234473,28.34409722222222,1002.5024305555556,21.371875,0.0,1.9340277777777777,7,Summer
2016-07-09,81.13541666666667,87.765625,3.640625,32.057291666666664,787.1527777777778,213.08404626108998,30.23645833333333,999.0861111111111,22.42013888888889,0.0,1.9333333333333336,7,Summer
2016-07-10,93.07291666666667,99.7986111111111,3.996527777777778,28.104166666666668,814.5833333333334,203.82014416983523,31.349305555555556,996.6243055555555,21.848263888888884,0.0,1.9989583333333334,7,Summer
2016-07-11,88.10984848484848,98.89583333333333,6.440972222222221,28.217013888888886,709.7222222222222,192.77499207858048,31.556944444444444,993.8881944444444,21.506249999999998,0.0,2.4673611111111113,7,Summer
2016-07-12,31.608901515151512,42.338541666666664,3.878472222222222,27.824652777777775,579.1666666666666,152.07358998732573,27.505555555555556,994.4402777777777,21.37986111111111,0.17673611111111107,1.751736111111111,7,Summer
2016-07-13,18.651041666666668,31.019097222222218,2.5277777777777777,30.119791666666668,507.9861111111111,170.32010456273764,29.743750000000002,998.4024305555557,18.507291666666667,0.0,1.5569444444444445,7,Summer
2016-07-14,34.55034722222222,56.006944444444436,4.138888888888888,40.45486111111111,810.7638888888888,151.01041666666666,28.181944444444444,1000.5434027777778,17.790625,0.2069444444444444,1.6052083333333333,7,Summer
2016-07-15,35.04861111111111,36.34027777777777,2.0902777777777777,28.11111111111111,677.0833333333334,103.51041666666667,21.652430555555554,998.7947916666666,19.029166666666665,0.26736111111111105,1.3163194444444444,7,Summer
2016-07-16,35.704861111111114,41.46527777777778,2.763888888888889,36.08680555555555,726.0416666666666,81.875,22.993402777777778,997.8131944444444,17.337847222222223,0.0020833333333333333,1.1236111111111111,7,Summer
2016-07-17,75.89930555555556,85.21527777777777,3.015625,40.42013888888889,1101.2152777777776,217.05208333333334,26.165277777777778,1000.99375,18.69930555555555,0.0,1.3177083333333333,7,Summer
2016-07-18,106.0451388888889,109.58333333333333,3.9861111111111107,49.53125,1242.8819444444446,168.765625,25.649652777777778,1001.7184027777777,21.04548611111111,0.21215277777777775,1.1972222222222222,7,Summer
2016-07-19,96.8923611111111,99.20486111111113,2.4895833333333335,42.848958333333336,1217.013888888889,96.57291666666667,23.826736111111114,1001.75,21.977777777777774,0.7850694444444444,1.2722222222222224,7,Summer
2016-07-20,36.107638888888886,37.576388888888886,2.1215277777777777,17.914930555555554,728.8194444444445,59.895833333333336,22.02673611111111,996.6763888888889,21.02534722222222,8.725694444444445,3.0496527777777778,7,Summer
2016-07-21,24.42013888888889,27.0,2.006944444444444,24.958333333333332,810.9375,55.333333333333336,23.987847222222218,995.1208333333333,22.54479166666667,0.4138888888888888,1.184375,7,Summer
2016-07-22,76.24305555555556,75.42361111111111,2.086805555555556,29.605902777777775,1050.3472222222224,153.98333333333332,27.335416666666664,995.2305555555555,23.727430555555557,0.0031249999999999833,1.2319444444444445,7,Summer
2016-07-23,120.13003472222222,126.6657986111111,2.288194444444444,35.76178728070175,1187.5913742690059,174.57291666666666,28.682291666666668,995.4885416666667,25.162847222222222,0.6930555555555555,1.45,7,Summer
2016-07-24,68.03303571428572,76.8670634920635,2.5843253968253967,31.477052005012528,893.8570384294068,173.24428258145363,28.444791666666664,998.4833333333332,24.33055555555556,0.07152777777777775,1.325,7,Summer
2016-07-25,42.523895375457876,48.62138469169719,2.9000496031746033,28.09422695360195,795.8485958485958,121.1015017511728,27.911805555555556,996.5972222222222,24.47326388888889,0.2722222222222222,1.3243055555555554,7,Summer
2016-07-26,21.840811965811966,32.974225427350426,2.7604166666666665,20.661725427350426,558.6404914529915,151.38501602564102,28.68506944444444,998.0548611111112,19.74861111111111,0.0,1.4631944444444445,7,Summer
2016-07-27,48.71269478319783,68.81457486449865,2.120342140921409,33.14384315718157,751.3804200542005,232.05919715447155,28.306597222222223,996.2135416666666,22.087152777777778,0.40208333333333335,1.6628472222222221,7,Summer
2016-07-28,51.98556063685637,60.81410907859078,2.801659891598916,27.346883468834687,707.1198312789579,192.6848323170732,27.45138888888889,995.911111111111,21.70486111111111,0.00034722222222221665,1.2083333333333333,7,Summer
2016-07-29,118.04132791327913,123.081385501355,2.952997967479675,29.16725948509485,1159.124076623831,217.43229166666666,29.09340277777778,998.7864583333334,24.6375,0.0,1.4913194444444444,7,Summer
2016-07-30,133.91840277777777,136.84201388888889,2.538194444444444,28.605902777777775,1412.8248207885306,180.57291666666666,27.538888888888888,1002.1663194444445,24.57986111111111,0.08611111111111104,1.5444444444444445,7,Summer
2016-07-31,53.53125,54.982638888888886,2.1840277777777777,29.402777777777775,997.0430107526881,103.75,25.62534722222222,1003.3475694444445,22.282986111111114,0.1663194444444444,1.3118055555555557,7,Summer
2016-08-01,66.54513888888889,71.6579861111111,2.6041666666666665,27.944444444444443,1186.22311827957,167.06597222222223,28.296875,1003.2958333333335,23.572916666666668,0.00034722222222221665,1.242361111111111,8,Summer
2016-08-02,50.22743055555555,58.036458333333336,2.347222222222222,28.598958333333332,1001.3888888888888,153.96875,29.500694444444445,1003.8097222222223,22.201736111111114,0.0,1.5149305555555557,8,Summer
2016-08-03,53.248263888888886,66.74131944444444,2.548611111111111,30.199652777777775,885.4166666666666,204.82986111111111,30.24756944444444,1003.8368055555555,22.66076388888889,0.0,1.3336805555555555,8,Summer
2016-08-04,97.98784722222221,105.83854166666667,2.451388888888889,31.263888888888886,1389.4097222222224,221.16666666666666,30.01770833333333,1003.963888888889,24.09861111111111,0.0,1.6354166666666667,8,Summer
2016-08-05,64.46527777777777,70.32291666666667,2.600694444444444,27.01388888888889,840.2777777777778,165.19791666666666,29.37326388888889,1003.7211805555556,23.340625,0.0,1.5069444444444444,8,Summer
2016-08-06,100.34375,106.71527777777779,2.21875,31.48611111111111,961.4583333333334,165.6875,29.433680555555554,1000.1652777777778,24.35625,0.13402777777777777,1.6187499999999997,8,Summer
2016-08-07,19.23611111111111,24.86111111111111,2.298611111111111,16.899305555555554,618.4027777777777,128.76041666666666,27.257638888888888,1002.0722222222222,21.830555555555552,0.31631944444444443,1.5093750000000001,8,Summer
2016-08-08,30.59375,39.77430555555555,2.5520833333333335,24.307291666666668,771.5277777777778,152.15625,28.301041666666666,1003.9159722222222,19.996180555555554,0.0,1.6465277777777778,8,Summer
2016-08-09,44.78298611111111,60.96875,5.597222222222222,35.45659722222222,1141.3194444444446,196.9489583333333,27.62048611111111,1002.517361111111,20.103125000000002,0.0,1.5475694444444448,8,Summer
2016-08-10,82.13368055555556,91.56944444444444,2.576388888888889,25.484375,933.5069444444445,159.42708333333334,29.998611111111106,1000.8902777777777,24.149305555555557,0.0,2.069444444444444,8,Summer
2016-08-11,86.27604166666667,95.2673611111111,3.2986111111111107,26.305555555555557,955.0347222222222,162.27083333333334,31.239930555555556,1000.4986111111111,25.615277777777777,0.0,1.7010416666666668,8,Summer
2016-08-12,60.619791666666664,66.59027777777779,3.899305555555556,35.61284722222222,860.9375,102.6875,28.686111111111114,999.6684027777778,24.84548611111111,0.5142361111111111,1.4305555555555556,8,Summer
2016-08-13,22.368055555555554,32.15625,3.350694444444444,38.197916666666664,676.0416666666666,46.75,27.06215277777778,999.9805555555555,20.693402777777777,0.0,1.276736111111111,8,Summer
2016-08-14,19.42361111111111,39.43055555555555,3.1423611111111107,35.12847222222222,602.7777777777777,159.82291666666666,28.54201388888889,1000.4496527777778,18.13611111111111,0.0,1.3163194444444444,8,Summer
2016-08-15,20.899305555555554,31.326388888888886,2.236111111111111,28.043402777777775,603.4722222222223,117.91666666666667,25.033680555555552,1002.3555555555555,18.660416666666666,0.23715277777777777,1.54375,8,Summer
2016-08-16,23.277777777777775,35.82986111111111,2.034722222222222,29.96875,584.375,154.71875,25.987152777777776,999.7479166666667,19.26909722222222,0.0,1.5732638888888888,8,Summer
2016-08-17,59.770833333333336,76.69791666666667,2.6458333333333335,54.322916666666664,951.3888888888888,102.10416666666667,25.091319444444448,998.4659722222223,21.701041666666665,0.08055555555555549,0.9777777777777779,8,Summer
2016-08-18,74.57291666666667,74.57986111111111,2.0243055555555554,38.99652777777778,1596.875,51.46875,23.14826388888889,996.196875,22.310763888888886,0.9500000000000001,1.1965277777777776,8,Summer
2016-08-19,17.95486111111111,25.680555555555554,2.0659722222222223,23.1875,895.4861111111112,119.03125,27.741319444444443,999.8385416666665,20.55034722222222,0.0006944444444444333,1.8746527777777775,8,Summer
2016-08-20,52.491319444444436,61.75868055555555,2.076388888888889,34.60763888888889,1026.2152777777778,193.94270833333334,27.30138888888889,1003.0319444444444,21.303124999999998,0.0,1.1493055555555556,8,Summer
2016-08-21,52.163194444444436,69.2951388888889,2.2743055555555554,38.11111111111111,923.2638888888888,241.09375,28.528819444444448,1003.5795138888889,21.85208333333333,0.0,1.4371527777777777,8,Summer
2016-08-22,52.93402777777777,66.85416666666667,4.131944444444444,30.505208333333332,959.7222222222222,175.02083333333334,28.764236111111114,1005.5454861111111,20.021180555555556,0.0,1.6729166666666666,8,Summer
2016-08-23,69.55208333333333,84.1423611111111,5.489583333333333,39.09722222222222,901.7361111111112,134.11979166666666,27.078125,1001.2611111111111,20.636458333333334,0.00034722222222221665,1.4361111111111111,8,Summer
2016-08-24,79.66145833333333,90.83333333333333,3.4305555555555554,45.388888888888886,1027.4305555555554,135.34375,27.51875,998.7951388888888,21.739583333333332,0.0,1.109375,8,Summer
2016-08-25,19.229166666666668,27.446180555555557,2.225694444444444,22.826388888888886,414.9305555555555,98.48958333333333,26.959374999999998,1005.1822916666666,12.329166666666666,0.0,2.955208333333333,8,Summer
2016-08-26,10.034722222222221,24.06423611111111,2.0555555555555554,29.359375,370.8333333333333,90.14583333333333,23.972916666666666,1010.6684027777778,8.527083333333334,0.0,1.4937500000000001,8,Summer
2016-08-27,14.494791666666666,35.17534722222222,2.753472222222222,36.64236111111111,438.5416666666667,80.36458333333333,23.95,1007.126736111111,10.825694444444444,0.03229166666666665,1.407986111111111,8,Summer
2016-08-28,11.022569444444445,27.661458333333332,2.3541666666666665,31.506944444444446,312.15277777777777,91.16666666666667,25.336111111111112,1006.3201388888888,9.538541666666667,0.0,1.7125000000000001,8,Summer
2016-08-29,17.914930555555554,43.91493055555555,2.9600694444444446,41.22222222222222,465.4513888888889,117.609375,24.858333333333334,1006.1277777777777,11.786458333333334,0.0,1.4020833333333333,8,Summer
2016-08-30,29.166666666666668,60.217013888888886,3.222222222222222,45.310763888888886,593.4027777777777,166.46875,25.610416666666666,1000.3253472222223,14.531597222222222,0.0,1.4298611111111112,8,Summer
2016-08-31,16.786458333333332,35.05555555555555,3.1267361111111107,38.19965277777778,435.0694444444444,108.890625,26.83923611111111,991.5083333333332,6.706597222222222,0.0,2.4475694444444445,8,Summer
2016-09-01,7.454861111111111,31.163194444444443,2.611111111111111,28.177083333333332,330.55555555555554,73.34375,24.61770833333333,990.9611111111112,6.182291666666667,0.0,2.1354166666666665,9,Autumn
2016-09-02,11.739583333333334,32.60069444444444,2.2083333333333335,29.666666666666668,387.15277777777777,58.135416666666664,23.671055292658732,996.8625868055556,14.051562500000001,0.01944444444444444,1.4215277777777777,9,Autumn
2016-09-03,18.822916666666668,39.395833333333336,2.4027777777777777,32.015625,430.90277777777777,142.75,25.280902777777772,1001.4340277777778,16.358680555555555,0.003472222222222217,1.378125,9,Autumn
2016-09-04,80.46527777777779,101.42708333333333,4.993055555555555,43.786458333333336,1055.0347222222222,163.95624999999998,25.21909722222222,1003.9225694444444,18.386805555555554,0.10590277777777779,1.6187500000000001,9,Autumn
2016-09-05,27.546875,38.369791666666664,2.256944444444444,29.616319444444443,510.76388888888886,119.034375,24.838541666666668,1004.6184027777778,15.55486111111111,0.00034722222222221665,1.6572916666666668,9,Autumn
2016-09-06,18.78103298611111,36.481119791666664,3.502170138888889,36.88715277777778,496.8098958333333,78.21218206157965,25.38819444444444,1002.7881944444445,14.468402777777778,0.0,1.5888888888888888,9,Autumn
2016-09-07,40.71896701388889,69.060546875,4.938802083333333,38.682291666666664,661.0026041666666,132.12150686077644,24.049652777777776,1000.4829861111111,15.730208333333332,0.6739583333333333,1.7927083333333333,9,Autumn
2016-09-08,20.708333333333332,36.638888888888886,2.6059027777777777,40.16840277777778,562.8472222222223,92.9631233266399,23.613888888888884,1000.8982638888889,13.42847222222222,0.0024305555555555166,1.3753472222222223,9,Autumn
2016-09-09,18.026041666666668,37.513888888888886,3.4149305555555554,39.654513888888886,500.5208333333333,72.80994812583668,24.303819444444446,1002.709375,12.595833333333331,0.0,1.4982638888888886,9,Autumn
2016-09-10,15.763888888888888,38.666666666666664,3.0,39.39583333333333,459.5486111111111,85.21406459170014,24.59548611111111,1004.3784722222222,12.302083333333334,0.0,1.444791666666667,9,Autumn
2016-09-11,32.31944444444444,42.135416666666664,2.225694444444444,29.208333333333332,774.3055555555555,107.30568105756358,21.492013888888888,1008.1569444444444,16.829166666666666,1.1347222222222222,1.6420138888888889,9,Autumn
2016-09-12,32.041666666666664,41.05902777777778,2.1493055555555554,32.26370614035088,729.6875,109.77324449312401,22.38611111111111,1011.4763888888888,16.209027777777777,0.02013888888888886,1.2430555555555556,9,Autumn
2016-09-13,86.74305555555554,95.46875,2.875,49.052266081871345,1016.3194444444445,124.80401815595717,22.735763888888886,1012.0524305555555,18.20347222222222,0.00034722222222221665,1.24375,9,Autumn
2016-09-14,102.14930555555556,108.96180555555554,3.737390350877193,45.58881578947368,1045.7602339181287,163.34615545515393,23.904210069444446,1010.5220486111111,18.24392361111111,0.04062499999999999,1.5770833333333334,9,Autumn
2016-09-15,70.82291666666667,84.0763888888889,3.9848318713450293,39.34347587719298,845.906432748538,157.38048025435074,24.721440972222222,1008.5628472222223,17.597222222222225,0.0,1.3267361111111111,9,Autumn
2016-09-16,133.58680555555557,143.38541666666666,3.7430555555555554,36.732638888888886,1147.9166666666667,174.68043005354752,24.373263888888886,1006.8937500000001,19.482291666666665,0.16354166666666667,1.402777777777778,9,Autumn
2016-09-17,41.50694444444444,50.83680555555555,2.4791666666666665,34.61111111111111,768.0555555555555,110.49079651941098,21.12847222222222,1012.154513888889,16.818055555555556,0.3385416666666667,1.1256944444444443,9,Autumn
2016-09-18,20.71875,22.9796626984127,2.2564484126984126,29.67113095238095,560.1438492063493,34.77834552495697,18.536458333333332,1014.5913194444444,15.628819444444446,0.11527777777777774,1.2506944444444443,9,Autumn
2016-09-19,10.951388888888888,19.279017857142858,2.0317460317460316,29.31391178266178,398.1894841269841,67.74173778447123,18.782638888888886,1015.9954861111111,10.30625,0.0,1.3871527777777777,9,Autumn
2016-09-20,19.228422619047617,37.74429563492063,2.571759259259259,40.451465201465204,520.4117063492064,85.99778877414421,19.336458333333333,1014.4954861111111,9.91423611111111,0.0,1.2593750000000001,9,Autumn
2016-09-21,63.37748015873016,91.46230158730158,4.563657407407407,71.87989831349206,940.3521825396825,58.46142904953146,18.489670138888886,1013.448611111111,12.705208333333333,0.011458333333333291,1.2086805555555555,9,Autumn
2016-09-22,100.15277777777777,109.27604166666667,6.769097222222222,55.62282986111111,1038.3680555555554,104.40200384872826,19.568836805555552,1009.5390625,14.507291666666667,0.018402777777777758,1.3302083333333334,9,Autumn
2016-09-23,122.80034722222223,123.32465277777777,3.241319444444444,43.16840277777778,1107.638888888889,167.1359814257028,21.24716435184028,1006.0987847222223,16.819791666666667,0.14965277777777777,1.345486111111111,9,Autumn
2016-09-24,112.40451388888887,123.59201388888887,4.071180555555555,49.536458333333336,1063.0208333333333,163.4029451137885,22.023402777777775,1004.3986111111111,17.577430555555555,0.12465277777777777,1.26875,9,Autumn
2016-09-25,162.85069444444443,169.13888888888889,3.909722222222222,48.84027777777777,1524.1319444444443,106.72372824631861,22.830939980158732,1007.8726190476192,18.355704365079365,0.0,1.5119791666666667,9,Autumn
2016-09-26,58.69618055555555,60.076388888888886,2.486111111111111,41.99652777777778,1146.5277777777776,81.28125,19.596017975092042,1008.2871031749888,17.864781746031746,0.8479166666666668,1.2763888888888888,9,Autumn
2016-09-27,25.237847222222218,34.125,2.2118055555555554,23.659722222222218,611.4583333333334,60.489583333333336,17.99291087962963,1014.9276041666667,5.583680555555556,0.0,3.4756944444444446,9,Autumn
2016-09-28,14.251736111111112,26.472222222222218,2.7430555555555554,33.24305555555555,380.2083333333333,59.024305555555564,15.234982638888889,1020.1387152777778,1.2,0.0,1.870486111111111,9,Autumn
2016-09-29,51.22048611111111,74.10590277777777,4.96875,55.44097222222222,633.1597222222223,95.80208333333333,14.653848379629629,1013.7921875000001,6.361111111111112,0.0,1.3229166666666665,9,Autumn
2016-09-30,98.15798611111113,120.00868055555554,6.583333333333333,70.46875,901.7361111111112,145.88541666666666,17.20998263888889,1009.6927083333334,9.544444444444444,0.0,1.1322916666666667,9,Autumn
2016-10-01,165.85069444444443,184.18402777777774,10.081111111111111,81.50694444444444,1329.1666666666667,127.1875,18.626388888888886,1008.9361111111111,11.983680555555557,0.0,1.0940972222222223,10,Autumn
2016-10-02,183.77430555555554,192.0659722222222,5.755694444444444,69.75694444444444,1372.9166666666667,134.89583333333334,19.23298611111111,1007.1038194444445,13.675347222222221,0.00416666666666665,1.0694444444444444,10,Autumn
2016-10-03,121.1736111111111,135.67361111111111,3.3645833333333335,56.916666666666664,1122.9166666666667,131.6875,21.99513888888889,1005.2118055555555,16.195138888888888,0.0,1.2555555555555555,10,Autumn
2016-10-04,35.11359126984127,51.93353174603175,3.390873015873016,35.583085317460316,1078.844246031746,71.9375,16.48611111111111,1009.6260416666668,12.760416666666666,0.28715277777777776,2.032291666666667,10,Autumn
2016-10-05,56.39335317460317,63.64980158730159,2.2549603174603177,38.710317460317455,1184.1765873015872,59.572916666666664,16.197569444444444,1012.7121527777778,12.990277777777777,0.0031249999999999494,1.3857638888888888,10,Autumn
2016-10-06,72.47222222222221,80.75347222222221,3.888888888888889,47.34027777777778,1622.5694444444443,23.75,15.109722222222222,1019.2111111111112,13.03125,0.9447916666666667,1.5097222222222222,10,Autumn
2016-10-07,39.708333333333336,39.90972222222222,2.3090277777777777,41.97048611111111,1604.6875,20.328125,13.135416666666666,1013.6864583333335,11.518749999999999,1.1670138888888888,1.515625,10,Autumn
2016-10-08,14.78837913711584,23.128472222222225,2.397569444444444,22.942708333333332,415.4513888888889,60.807291666666664,12.200347222222222,1016.3798611111112,-0.6902777777777778,0.00034722222222221665,2.3809027777777776,10,Autumn
2016-10-09,37.1042774822695,58.11805555555555,4.086805555555555,49.85590277777777,681.25,36.541666666666664,9.922569444444445,1017.2802083333335,3.225347222222222,0.0,1.2045138888888889,10,Autumn
2016-10-10,95.07145582353702,117.58506944444446,8.921875,73.59375,1118.2291666666667,33.010416666666664,11.386458333333335,1012.4458333333332,6.433333333333334,0.0,0.9937499999999999,10,Autumn
2016-10-11,136.02397260273972,125.92361111111113,7.359375,64.06076388888889,1395.8333333333333,63.0,13.735763888888888,1015.8135416666668,8.271180555555556,0.0,1.5604166666666668,10,Autumn
2016-10-12,91.79756468797565,97.17485119047619,5.869791666666667,61.357638888888886,1172.2222222222222,50.666666666666664,14.444444444444445,1018.4805555555555,9.518749999999999,0.0,1.1100694444444443,10,Autumn
2016-10-13,152.61886415525115,159.60466269841268,4.526041666666667,70.703125,1475.3472222222224,80.14583333333333,15.194444444444445,1013.8704861111111,11.661458333333334,0.0,0.8277777777777778,10,Autumn
2016-10-14,241.0815972222222,247.44270833333334,5.935763888888889,88.71006944444444,1956.0763888888887,75.88020833333333,15.805555555555555,1014.9604166666667,13.147569444444445,0.0,0.9211805555555556,10,Autumn
2016-10-15,191.171875,198.06076388888889,4.102430555555555,83.79513888888889,1907.6388888888887,24.916666666666668,14.16388888888889,1016.6527777777778,12.383333333333333,0.014236111111111093,0.7458333333333332,10,Autumn
2016-10-16,120.33680555555556,120.8263888888889,3.163194444444444,58.39236111111111,1040.9722222222222,55.083333333333336,15.63159722222222,1012.7600694444444,12.870833333333335,0.0010416666666666667,1.1190972222222222,10,Autumn
2016-10-17,60.213541666666664,78.95659722222221,2.534722222222222,49.93055555555555,853.125,61.072916666666664,15.55486111111111,1014.8322916666667,7.375,0.0,1.4225694444444443,10,Autumn
2016-10-18,117.62152777777777,151.85416666666666,5.447916666666667,69.25520833333333,1734.7222222222224,28.333333333333332,15.525347222222221,1014.2843750000001,12.626041666666666,0.0,1.1493055555555556,10,Autumn
2016-10-19,221.80555555555554,228.77951388888889,5.274305555555555,78.9670138888889,2202.0833333333335,42.734375,17.061805555555555,1010.8451388888889,14.357986111111112,0.0,0.9454861111111111,10,Autumn
2016-10-20,95.27083333333333,114.84027777777777,6.40625,51.74305555555555,1448.263888888889,27.84375,13.915625,1016.170486111111,8.982291666666667,0.23506944444444441,1.667361111111111,10,Autumn
2016-10-21,43.131944444444436,43.677083333333336,2.1979166666666665,36.28993055555555,806.25,34.494791666666664,10.50798611111111,1013.7972222222223,8.720833333333333,0.3680555555555555,1.0850694444444444,10,Autumn
2016-10-22,14.482638888888888,19.277777777777775,2.2152777777777777,27.70138888888889,547.9166666666666,36.979166666666664,12.11953125,1017.0847222222222,5.730902777777778,0.0,2.071180555555556,10,Autumn
2016-10-23,26.565972222222218,44.80555555555555,3.3680555555555554,40.73611111111111,592.7083333333334,36.791666666666664,10.681140056711806,1017.3908564814815,2.0840277777777776,0.0,1.145138888888889,10,Autumn
2016-10-24,61.260416666666664,105.30555555555556,2.8645833333333335,55.59375,1087.8472222222222,14.25,9.491638135417825,1011.8043857473546,5.596875000000001,0.0038194444444443997,0.984375,10,Autumn
2016-10-25,96.85590277777777,129.48958333333334,2.96875,70.93055555555556,1418.0555555555557,8.859375000000002,11.068084489583335,1008.7350115752316,7.607638888888889,0.0,1.1788194444444444,10,Autumn
2016-10-26,43.30840773809524,76.64632936507937,3.201388888888889,46.90625,773.1894841269841,48.10639880952382,12.450023149305556,1017.6105902777778,2.495833333333333,0.0,2.0843749999999996,10,Autumn
2016-10-27,30.021701388888886,51.11755952380952,4.618055555555555,47.52777777777778,968.1299603174602,16.138392857142858,8.963327545137732,1021.1938657407408,4.182291666666667,0.46493055555555557,1.6107638888888889,10,Autumn
2016-10-28,11.392113095238095,23.069444444444443,2.34375,27.600694444444443,390.4513888888889,58.875,8.938090277777778,1023.9559027777777,-3.5038194444444444,0.002777777777777733,2.1375,10,Autumn
2016-10-29,24.163194444444443,55.583333333333336,4.34375,44.47222222222222,537.1527777777777,41.9921875,6.348958333333333,1024.9989583333333,-3.7340277777777775,0.0,1.701388888888889,10,Autumn
2016-10-30,44.07986111111111,79.42013888888889,5.348958333333333,42.54687499999999,748.2638888888888,54.625,6.201736111111111,1020.8739583333332,-3.597222222222222,0.0,2.3395833333333336,10,Autumn
2016-10-31,8.625,22.76736111111111,3.3031249999999996,16.75173611111111,313.36805555555554,58.96875,2.6777777777777776,1031.5732638888887,-17.835069444444446,0.0,2.878472222222222,10,Autumn
2016-11-01,41.170138888888886,66.91319444444444,7.8456463675213675,51.661458333333336,694.9652777777778,40.369791666666664,2.045138888888889,1028.1833333333332,-8.105208333333334,0.0,1.2163194444444445,11,Autumn
2016-11-02,100.06597222222221,139.68055555555557,9.61338141025641,77.47048611111111,1367.013888888889,26.765625,4.896527777777778,1020.2559027777778,-3.265277777777778,0.0,1.3444444444444443,11,Autumn
2016-11-03,183.03125,224.59375,9.01388888888889,100.69444444444444,2372.5694444444443,14.5,5.484722222222222,1012.5791666666665,0.829861111111111,0.0,1.0361111111111112,11,Autumn
2016-11-04,242.53819444444443,273.0694444444444,5.510416666666667,117.203125,3320.1388888888887,13.291666666666666,6.189236111111112,1003.8114583333332,3.7461805555555556,0.0,1.0118055555555554,11,Autumn
2016-11-05,180.03125,190.62152777777774,4.597222222222222,95.61805555555556,3160.7638888888887,37.708333333333336,8.692708333333332,1008.8934027777777,5.042708333333334,0.0,1.5600694444444445,11,Autumn
2016-11-06,71.81944444444444,81.39583333333333,9.064236111111112,54.28472222222222,1165.625,41.359375,7.837152777777778,1021.2628472222223,-2.6263888888888887,0.0,1.7118055555555556,11,Autumn
2016-11-07,39.64236111111111,47.381944444444436,3.5642361111111107,38.80208333333333,801.7361111111112,51.447916666666664,8.11076388888889,1024.086111111111,-3.476388888888889,0.014236111111111083,2.253125,11,Autumn
2016-11-08,35.07465277777778,57.19444444444445,6.645833333333333,49.28125,802.4305555555555,42.520833333333336,5.15625,1028.1819444444443,-4.714930555555555,0.0,1.2902777777777776,11,Autumn
2016-11-09,148.19444444444443,182.91145833333334,12.803819444444445,82.21527777777777,2401.0416666666665,10.75,3.2572916666666667,1023.5368055555555,-0.6041666666666666,0.0,1.0809027777777778,11,Autumn
2016-11-10,155.91493055555554,170.90451388888889,8.225694444444445,70.28645833333333,1850.0,18.234375,6.594444444444444,1009.3614583333333,0.1902777777777779,0.0017361111111111084,1.4809027777777777,11,Autumn
2016-11-11,78.21527777777777,116.51736111111113,6.986111111111111,61.013888888888886,1540.1041666666667,19.703125,4.688541666666667,1008.8013888888889,-2.3385416666666665,0.0,1.0378472222222221,11,Autumn
2016-11-12,74.73958333333333,123.03472222222223,9.70138888888889,64.80729166666667,1499.826388888889,28.020833333333332,6.802083333333333,1014.0395833333333,0.3302083333333334,0.0,1.3260416666666668,11,Autumn
2016-11-13,94.00694444444444,149.28819444444446,10.586805555555555,69.58333333333333,2132.6388888888887,7.937500000000001,8.053819444444445,1011.8559027777777,4.202777777777778,0.0,1.086111111111111,11,Autumn
2016-11-14,43.194444444444436,78.34027777777777,4.123263888888888,35.302083333333336,938.5416666666666,62.010416666666664,8.912152777777777,1016.3677083333333,-10.680902777777776,0.0,2.8434027777777775,11,Autumn
2016-11-15,39.256944444444436,69.59027777777777,12.253472222222221,59.029513888888886,1306.9444444444446,34.90625,4.197916666666667,1020.1916666666667,-8.04861111111111,0.0,1.2427083333333333,11,Autumn
2016-11-16,97.40277777777777,139.76388888888889,15.8125,78.11458333333333,2163.368055555555,20.984375,5.313888888888889,1015.3333333333334,-1.4354166666666668,0.0,1.0135416666666666,11,Autumn
2016-11-17,114.51041666666667,158.67361111111111,22.194444444444443,70.55902777777779,2558.680555555555,7.385416666666668,5.776736111111112,1017.6413194444444,-0.1579861111111111,0.00034722222222221665,1.0468750000000002,11,Autumn
2016-11-18,189.03125,270.6458333333333,19.616319444444443,86.13020833333333,3742.361111111111,3.2083333333333344,6.672916666666667,1009.4149305555557,3.1368055555555556,0.0010416666666666584,1.0072916666666667,11,Autumn
2016-11-19,124.18402777777777,152.14583333333334,9.395833333333334,63.177083333333336,1848.9583333333333,50.177083333333336,9.794444444444444,1012.2840277777777,0.717013888888889,0.0,1.8038194444444446,11,Autumn
2016-11-20,54.979166666666664,59.56597222222222,4.430555555555555,42.53125,1164.9305555555554,21.90625,3.517361111111111,1019.5690972222222,1.429513888888889,0.19930555555555554,2.350347222222222,11,Autumn
2016-11-21,9.645833333333334,15.444444444444445,3.0277777777777772,13.730902777777779,356.59722222222223,60.385416666666664,-1.3788194444444446,1025.7802083333333,-9.805902777777778,0.10381944444444437,3.894791666666667,11,Autumn
2016-11-22,8.17361111111111,20.95486111111111,4.118055555555555,18.42361111111111,391.6666666666667,58.78125,-3.689583333333333,1033.3934027777777,-18.863888888888887,0.0,3.354861111111111,11,Autumn
2016-11-23,18.93402777777778,31.982638888888886,8.131944444444445,32.38368055555555,562.1527777777777,44.4375,-1.2861111111111112,1029.5170138888889,-16.852777777777778,0.0,2.3628472222222223,11,Autumn
2016-11-24,67.44270833333333,93.63888888888887,16.645833333333332,65.08333333333333,1327.7777777777778,34.572916666666664,-0.720486111111111,1023.5753472222223,-12.35277777777778,0.0,1.339236111111111,11,Autumn
2016-11-25,153.82986111111111,194.6909722222222,23.493055555555554,94.1111111111111,2552.9513888888887,8.125000000000002,-0.062152777777777814,1019.4604166666667,-7.8211805555555545,0.0,1.0670138888888887,11,Autumn
2016-11-26,255.20833333333334,351.8298611111111,21.663194444444443,113.1579861111111,3355.034722222222,15.791666666666666,1.867361111111111,1014.8833333333333,-5.165277777777778,0.0,1.1732638888888889,11,Autumn
2016-11-27,56.94097222222222,87.26388888888887,7.1875,44.895833333333336,970.1388888888888,59.21875,2.814236111111111,1021.8475694444445,-12.044097222222222,0.0,2.0684027777777776,11,Autumn
2016-11-28,59.17534722222222,93.17534722222223,17.26909722222222,73.47048611111111,1559.548611111111,26.369791666666668,0.7326388888888888,1026.5604166666665,-9.455902777777778,0.0,0.9836805555555556,11,Autumn
2016-11-29,96.72222222222223,141.1597222222222,25.45486111111111,80.29166666666667,2561.111111111111,5.781250000000001,1.0388888888888888,1027.9024305555556,-5.095833333333333,0.0,1.2131944444444445,11,Autumn
2016-11-30,90.04513888888887,127.375,14.590277777777777,65.96354166666667,2145.8333333333335,52.901041666666664,4.641666666666667,1018.9645833333334,-4.73888888888889,0.00034722222222221665,1.9118055555555555,11,Autumn
2016-12-01,27.84375,46.013888888888886,7.784722222222222,43.40625,738.1944444444445,60.916666666666664,4.5315972222222225,1026.0638888888889,-10.650347222222221,0.0,1.6444444444444446,12,Winter
2016-12-02,92.7170138888889,116.2638888888889,18.944444444444443,82.04340277777779,1975.347222222222,20.208333333333332,2.3979166666666667,1023.6281250000001,-7.392708333333334,0.0,1.0305555555555557,12,Winter
2016-12-03,191.66319444444443,223.21180555555554,23.86111111111111,108.0451388888889,3201.3888888888887,10.96875,1.9722222222222223,1015.5309027777777,-4.310763888888888,0.0,0.9576388888888889,12,Winter
2016-12-04,247.46527777777774,284.3125,17.71527777777778,102.6875,3568.75,19.552083333333332,2.8777777777777778,1011.3479166666666,-3.304513888888889,0.0,0.8861111111111111,12,Winter
2016-12-05,49.96006944444445,67.9201388888889,7.84375,40.86631944444444,1066.1458333333333,61.8125,2.2201388888888887,1021.9253472222223,-11.84375,0.0,2.513541666666667,12,Winter
2016-12-06,76.3611111111111,112.77430555555556,19.82638888888889,86.3263888888889,2109.027777777778,29.760416666666668,-0.31701388888888893,1017.3947916666666,-12.4,0.0,1.0406250000000001,12,Winter
2016-12-07,121.11458333333333,158.1597222222222,22.14236111111111,95.5173611111111,2555.2083333333335,19.15625,2.848263888888889,1017.5402777777778,-6.626041666666667,0.0,1.6572916666666666,12,Winter
2016-12-08,92.18055555555556,125.43402777777779,11.461805555555555,55.07118055555555,1790.9722222222224,66.86458333333333,3.750347222222222,1012.7128472222222,-9.412152777777779,0.0,2.7034722222222225,12,Winter
2016-12-09,21.96875,36.135416666666664,8.857638888888888,39.0,701.0416666666666,56.916666666666664,0.8246527777777777,1022.6284722222223,-12.581597222222223,0.0,1.6624999999999999,12,Winter
2016-12-10,47.479166666666664,67.92013888888889,14.520833333333334,62.822916666666664,1394.7916666666667,23.40625,-1.148263888888889,1023.5704861111111,-11.23298611111111,0.0,1.0114583333333333,12,Winter
2016-12-11,160.40277777777777,190.88368055555554,32.4375,98.23263888888887,3198.6689814814813,9.541666666666668,-1.204861111111111,1019.5326388888889,-7.561805555555556,0.0,1.192013888888889,12,Winter
2016-12-12,222.0173611111111,236.7986111111111,37.78819444444444,102.77083333333333,2798.4262082204154,14.822916666666666,2.154166666666667,1018.7722222222222,-4.146527777777778,0.0,0.9885416666666668,12,Winter
2016-12-13,53.44097222222222,58.322916666666664,9.831597222222223,49.560763888888886,1233.4434281842819,44.96875,1.0895833333333333,1025.4611111111112,-12.458680555555555,0.0,1.6315972222222221,12,Winter
2016-12-14,24.663194444444443,37.70486111111111,10.258680555555555,42.739583333333336,733.6974932249323,47.744791666666664,-1.206597222222222,1027.5809027777777,-16.898263888888888,0.0,1.9496527777777777,12,Winter
2016-12-15,25.975694444444443,50.40972222222222,9.913194444444445,40.60069444444444,843.2291666666666,60.411458333333336,-0.15798611111111122,1026.8381944444443,-14.656944444444443,0.0,2.4947916666666665,12,Winter
2016-12-16,105.94791666666667,133.92708333333334,20.82986111111111,87.53472222222223,2072.222222222222,26.869791666666668,-0.6104166666666667,1020.8934027777779,-11.291666666666666,0.0,1.045138888888889,12,Winter
2016-12-17,184.74652777777774,208.07638888888889,30.951388888888886,102.54166666666667,3143.75,11.541666666666666,-0.3065972222222222,1016.8270833333332,-7.695833333333334,0.0,0.9628472222222223,12,Winter
2016-12-18,219.51041666666666,228.44444444444443,24.95486111111111,101.21875,3419.444444444445,14.416666666666666,-0.1451388888888889,1018.3621527777777,-6.171180555555556,0.0,0.7579861111111111,12,Winter
2016-12-19,214.7048611111111,223.7361111111111,22.86111111111111,107.70833333333333,3875.0,14.864583333333334,0.32569444444444445,1019.1940972222222,-5.756944444444444,0.0,0.8361111111111111,12,Winter
2016-12-20,365.7256944444444,385.21527777777777,9.260416666666666,133.45138888888889,7582.291666666667,7.572916666666668,-1.2822916666666668,1023.1319444444443,-3.668402777777778,0.0,1.148263888888889,12,Winter
2016-12-21,394.9270833333333,411.3819444444444,11.427083333333334,153.2534722222222,7961.111111111112,8.645833333333334,0.8722222222222222,1020.3649305555556,-2.6524305555555556,0.0,0.96875,12,Winter
2016-12-22,69.63541666666667,74.640625,6.060763888888889,37.342013888888886,1456.9444444444443,60.453125,2.634375,1018.1680555555555,-11.39826388888889,0.0,3.3364583333333333,12,Winter
2016-12-23,30.850694444444443,39.40624999999999,8.083333333333334,44.666666666666664,766.8402777777778,53.369791666666664,-1.1145833333333333,1024.4916666666666,-13.534722222222221,0.0,1.6624999999999999,12,Winter
2016-12-24,117.53125,139.73263888888889,25.03125,87.01041666666667,2574.652777777778,13.96875,-1.6545138888888886,1024.751736111111,-9.334027777777777,0.0,1.1875,12,Winter
2016-12-25,146.52777777777777,161.68402777777777,27.868055555555554,95.33680555555556,2823.9583333333335,6.177083333333335,-1.5309027777777777,1023.2954861111111,-6.968055555555556,0.0,0.9590277777777777,12,Winter
2016-12-26,45.92361111111111,51.71180555555555,16.135416666666668,47.1875,1016.6666666666666,51.513020833333336,1.3947916666666664,1025.6302083333333,-12.982291666666667,0.0,1.930208333333333,12,Winter
2016-12-27,35.873263888888886,52.927083333333336,9.538194444444445,41.61805555555556,813.3680555555555,56.526041666666664,-1.5451388888888886,1028.6326388888888,-15.147916666666667,0.0,1.9805555555555554,12,Winter
2016-12-28,63.958333333333336,77.74131944444444,9.00173611111111,39.54340277777778,1047.3958333333333,50.64965277777778,-1.7413194444444444,1027.0170138888889,-14.315277777777778,0.0,2.5416666666666665,12,Winter
2016-12-29,52.163194444444436,74.75,11.661458333333334,48.99652777777777,1000.3472222222223,38.50833333333333,-2.1593750000000003,1029.2961805555556,-16.921180555555555,0.0,1.7465277777777777,12,Winter
2016-12-30,201.40104166666666,236.45486111111111,19.927083333333332,97.21180555555556,3175.347222222222,12.4375,-3.8687500000000004,1023.734375,-11.239236111111111,0.0,1.0583333333333333,12,Winter
2016-12-31,286.04861111111114,324.49305555555554,21.753472222222218,128.10069444444443,4434.027777777777,8.114583333333334,-2.886111111111111,1021.2288194444444,-9.076736111111112,0.0,0.975,12,Winter
2017-01-01,441.8854166666667,495.88888888888886,9.131944444444445,139.01736111111111,6517.36111111111,8.343750000000002,-3.3222222222222224,1019.3121527777779,-6.205902777777777,0.0,1.082638888888889,1,Winter
2017-01-02,196.60416666666666,213.77777777777774,12.354166666666666,98.34375,3680.9027777777774,40.697916666666664,0.5944444444444444,1019.751388888889,-8.92986111111111,0.0,1.532986111111111,1,Winter
2017-01-03,289.2416666666667,320.19097222222223,17.59027777777778,138.14236111111111,5590.347222222223,22.635416666666668,-0.30833333333333335,1016.9868055555556,-6.916666666666667,0.0,0.9517361111111112,1,Winter
2017-01-04,340.1611111111111,389.7569444444444,18.496527777777775,145.99652777777777,6790.902777777777,19.583333333333332,-0.4045138888888889,1020.1927083333334,-5.590277777777778,0.0,1.101388888888889,1,Winter
2017-01-05,223.77777777777774,249.23263888888889,15.536458333333334,109.0295138888889,5446.354166666667,18.96875,0.5281250000000001,1024.8864583333334,-2.860416666666667,0.00034722222222221665,1.1524305555555556,1,Winter
2017-01-06,194.47916666666666,198.27777777777774,23.583333333333332,104.63541666666667,3971.180555555555,33.734375,0.5125000000000001,1021.4013888888888,-3.8774305555555557,0.0,0.8645833333333334,1,Winter
2017-01-07,166.13194444444443,167.2847222222222,18.293402777777775,80.90451388888889,2949.6527777777774,27.796875,1.5958333333333334,1018.4,-2.281597222222222,0.00868055555555555,0.9996527777777778,1,Winter
2017-01-08,37.35069444444444,39.451388888888886,10.090277777777779,34.33680555555555,890.2777777777777,57.645833333333336,2.915277777777778,1016.8364583333333,-9.66423611111111,0.0,2.623263888888889,1,Winter
2017-01-09,32.638888888888886,42.458333333333336,6.503472222222222,36.350694444444436,693.8278256704981,64.14583333333333,0.4452951388888889,1020.4032407407408,-12.631597222222224,0.0,3.0951388888888887,1,Winter
2017-01-10,23.98263888888889,38.770833333333336,6.758680555555556,32.795138888888886,678.3943965517242,68.39583333333333,-0.02943431712962964,1023.3665013227513,-16.39548611111111,0.0,3.170138888888889,1,Winter
2017-01-11,57.84722222222222,78.87152777777779,20.788194444444443,72.77777777777777,1458.3333333333333,37.739583333333336,-0.7319444444444443,1019.7288773148149,-12.650694444444445,0.0,1.4281249999999999,1,Winter
2017-01-12,44.09722222222222,63.04861111111111,16.67013888888889,52.197916666666664,881.25,57.4375,1.3746122685185185,1015.3548032407406,-12.602777777777776,0.0,2.4163194444444445,1,Winter
2017-01-13,13.239583333333334,25.427083333333332,9.913194444444445,24.43576388888889,381.9444444444444,76.80208333333333,-0.09184027777777774,1019.5328125000001,-20.101388888888888,0.0,3.2840277777777778,1,Winter
2017-01-14,23.79861111111111,42.17708333333333,15.430555555555555,47.569444444444436,804.5138888888888,59.958333333333336,-2.0636342592592594,1026.7774884259259,-20.65034722222222,0.0,2.0305555555555554,1,Winter
2017-01-15,56.819444444444436,74.51736111111111,15.614583333333334,53.80902777777777,989.7569444444445,36.572916666666664,-3.302673611111111,1027.7942708333335,-8.630555555555555,0.0010416666666666667,1.6090277777777775,1,Winter
2017-01-16,98.4513888888889,109.34201388888887,21.927083333333332,70.8125,1703.298611111111,20.947916666666668,-2.149068287037037,1026.109201388889,-7.495138888888889,0.0,1.384722222222222,1,Winter
2017-01-17,137.89756944444443,145.60763888888889,25.15625,75.5173611111111,2104.2735042735044,30.260416666666668,-1.0305324074074074,1024.8445601851852,-6.84513888888889,0.0,1.3138888888888889,1,Winter
2017-01-18,40.33680555555555,52.583333333333336,12.527777777777779,51.00347222222222,772.1153846153846,43.916666666666664,-2.58859375,1027.4546875,-14.44548611111111,0.0,1.5788194444444443,1,Winter
2017-01-19,46.083333333333336,87.64583333333333,13.482638888888888,37.13194444444444,1069.0972222222224,69.44791666666667,-3.29687200670498,1024.9946759259258,-17.159375,0.0,4.046354166666666,1,Winter
2017-01-20,21.6875,33.638888888888886,8.336805555555555,32.145833333333336,630.9027777777777,68.52083333333333,-5.127528935185185,1028.020486111111,-21.91111111111111,0.0,2.373263888888889,1,Winter
2017-01-21,26.36111111111111,48.62152777777777,9.604166666666666,29.42361111111111,713.8888888888888,72.42708333333333,-4.282528935185185,1024.8580439814816,-21.80416666666667,0.0,3.2236111111111114,1,Winter
2017-01-22,23.840277777777775,34.39236111111111,10.930555555555555,38.96527777777778,719.7916666666666,57.84375,-4.9486226851851844,1029.371759259259,-20.673263888888886,0.0,1.8489583333333333,1,Winter
2017-01-23,32.94444444444444,42.90625,12.965277777777777,45.71180555555555,888.8888888888888,48.21875,-5.349710648148148,1029.7049189814818,-18.238194444444446,0.0,1.454861111111111,1,Winter
2017-01-24,85.85763888888887,98.1736111111111,28.145833333333332,73.90625,1946.7013888888887,34.739583333333336,-3.911452546296296,1030.9175347222222,-14.927777777777777,0.0,1.2635416666666666,1,Winter
2017-01-25,171.61979166666666,177.6284722222222,38.609375,92.44791666666667,2990.798611111111,31.921875,-2.8473437500000003,1026.255150462963,-11.241666666666667,0.0,1.179861111111111,1,Winter
2017-01-26,159.83680555555554,178.4409722222222,25.868055555555554,63.381944444444436,2598.4375,78.34375,0.317951388888889,1018.4499999999998,-10.766319444444443,0.0,2.588888888888889,1,Winter
2017-01-27,60.857638888888886,87.58333333333333,20.64236111111111,28.826388888888886,681.5972222222222,85.42708333333333,-0.442962962962963,1024.7733506944444,-15.668923611111111,0.0,2.449826388888889,1,Winter
2017-01-28,338.51388888888886,415.52777777777777,82.33680555555556,69.89583333333333,2302.430555555555,47.083333333333336,-1.40734375,1016.0547453703704,-11.011458333333332,0.0,1.3687500000000001,1,Winter
2017-01-29,38.791666666666664,76.6875,10.767361111111112,16.6875,623.9583333333334,72.42708333333333,-1.8630960648148147,1023.508564814815,-19.48333333333333,0.0,4.537847222222222,1,Winter
2017-01-30,24.770833333333332,31.458333333333332,9.743055555555555,19.56597222222222,546.1805555555555,73.53125,-3.0955844907407406,1030.9085069444443,-25.820138888888888,0.0,2.2711805555555555,1,Winter
2017-01-31,75.71875,85.87847222222221,27.40625,40.48958333333333,1173.4375,78.52604166666667,0.13368055555555547,1023.3451388888888,-22.419791666666665,0.0,1.6045138888888888,1,Winter
2017-02-01,30.918402777777775,49.38715277777778,13.385416666666666,25.03125,578.8194444444445,79.92708333333333,-0.6510416666666666,1031.0368055555555,-22.096180555555552,0.0,1.9322916666666667,2,Winter
2017-02-02,79.83680555555556,96.30555555555554,29.770833333333332,59.4375,1402.7777777777776,54.833333333333336,-2.078472222222222,1024.717013888889,-18.942013888888887,0.0,1.0284722222222222,2,Winter
2017-02-03,155.22916666666666,171.3784722222222,43.85069444444445,84.47569444444444,2302.430555555555,49.604166666666664,-0.6159722222222223,1017.5708333333333,-15.018750000000002,0.0,1.0052083333333333,2,Winter
2017-02-04,248.36458333333334,258.20138888888886,49.56597222222222,93.0625,2927.0833333333335,58.84375,3.423611111111111,1012.7916666666666,-9.813541666666667,0.0,1.3611111111111114,2,Winter
2017-02-05,12.541666666666666,17.3125,7.083333333333333,23.409722222222225,431.5972222222222,85.77083333333333,4.2494502314814815,1016.5673032407407,-15.351041666666667,0.0,2.3138888888888887,2,Winter
2017-02-06,12.954861111111112,23.381944444444443,7.3125,27.232638888888886,462.5,77.22916666666667,1.6095138888888887,1025.7355902777779,-17.548263888888886,0.0,2.2597222222222224,2,Winter
2017-02-07,75.8611111111111,89.69097222222223,20.555555555555554,60.21875,1401.736111111111,56.1875,-0.4857638888888889,1025.4059027777778,-9.839236111111111,0.0,1.2524305555555555,2,Winter
2017-02-08,32.84027777777778,49.71875,6.927083333333333,26.368055555555554,685.2430555555555,83.69791666666667,-0.6458333333333333,1025.2447916666665,-16.533333333333335,0.0,3.083680555555556,2,Winter
2017-02-09,6.907986111111112,21.402777777777775,2.6840277777777772,10.902777777777779,301.38888888888886,88.39583333333333,-1.6274305555555555,1023.0368055555558,-21.62534722222222,0.0,3.8496527777777776,2,Winter
2017-02-10,7.097222222222222,24.961805555555554,3.28125,14.274305555555555,311.1111111111111,86.0625,0.07673611111111113,1023.379861111111,-22.610763888888886,0.0,3.612847222222222,2,Winter
2017-02-11,43.201388888888886,66.36805555555556,17.965277777777775,44.020833333333336,798.9583333333334,76.47916666666667,1.732638888888889,1022.4319444444444,-17.946180555555554,0.0,1.6503472222222222,2,Winter
2017-02-12,104.99305555555556,136.65277777777777,41.50694444444444,76.59027777777777,2032.6388888888887,45.34375,1.5815972222222223,1020.948263888889,-13.67048611111111,0.0,1.2604166666666667,2,Winter
2017-02-13,80.33333333333333,103.8298611111111,24.034722222222225,66.625,1942.0138888888887,68.23958333333333,4.1819444444444445,1025.471527777778,-12.270138888888889,0.0,1.4312500000000001,2,Winter
2017-02-14,177.08680555555554,187.49652777777774,30.64236111111111,95.43055555555556,2677.083333333333,35.697916666666664,-0.021875000000000023,1027.3416666666665,-5.831944444444445,0.0,1.2291666666666667,2,Winter
2017-02-15,231.31944444444443,235.85069444444443,36.28472222222222,106.39930555555554,2793.75,55.770833333333336,1.4600694444444444,1015.1048611111113,-6.002083333333334,0.0,1.0409722222222222,2,Winter
2017-02-16,108.02604166666667,117.79513888888887,19.177083333333332,54.677083333333336,1390.9722222222224,74.30208333333333,4.708333333333333,1013.2350694444444,-11.366666666666667,0.0,3.148263888888889,2,Winter
2017-02-17,21.215277777777775,37.076388888888886,7.045138888888888,28.128472222222218,504.6875,80.14583333333333,1.7541666666666667,1024.7652777777778,-20.43958333333333,0.0,2.715277777777778,2,Winter
2017-02-18,83.9375,119.40972222222221,25.71875,71.72222222222221,1192.7083333333333,51.15625,2.642708333333333,1016.4208333333332,-13.729861111111111,0.0,1.7034722222222223,2,Winter
2017-02-19,97.6111111111111,142.76736111111111,24.427083333333332,61.43402777777777,1208.6805555555554,84.73958333333333,4.917361111111111,1004.9725694444445,-11.99201388888889,0.0,2.7256944444444446,2,Winter
2017-02-20,11.532986111111112,31.987847222222225,4.866319444444445,23.852430555555554,413.71527777777777,83.83333333333333,0.6128472222222222,1025.0350694444444,-21.319444444444443,0.0,2.7624999999999997,2,Winter
2017-02-21,61.3125,78.80381944444444,15.065972222222221,59.42534722222222,1172.7430555555554,40.135416666666664,-1.616666666666667,1024.7072916666666,-11.406944444444443,0.15451388888888887,1.4579861111111112,2,Winter
2017-02-22,78.60590277777779,77.44444444444444,6.630208333333333,41.098958333333336,1018.5763888888888,72.16666666666667,0.7572916666666667,1017.6295138888889,-6.789583333333333,0.0013888888888888833,2.076041666666667,2,Winter
2017-02-23,17.336805555555554,27.630208333333332,6.619791666666667,31.382638888888888,555.3819444444445,82.03645833333333,3.0187500000000003,1022.609375,-12.56875,0.0,2.226388888888889,2,Winter
2017-02-24,25.425347222222218,38.64756944444444,9.586805555555555,44.67465277777777,718.4027777777778,77.36458333333333,4.876736111111112,1019.3493055555556,-11.35173611111111,0.0,1.9020833333333333,2,Winter
2017-02-25,11.357638888888888,21.522569444444443,5.550347222222222,30.112847222222218,466.1458333333333,85.79166666666667,7.040277777777778,1017.1604166666666,-10.586111111111112,0.0,2.051041666666667,2,Winter
2017-02-26,27.70486111111111,44.939236111111114,9.975694444444445,50.32118055555555,701.7361111111112,74.25,6.769097222222222,1018.6593750000001,-8.005555555555555,0.0,1.601041666666667,2,Winter
2017-02-27,67.67708333333333,97.19270833333333,17.014756944444443,76.01128472222221,1331.076388888889,57.7890625,7.752777777777777,1015.4930555555557,-7.107291666666666,0.0,1.5253472222222222,2,Winter
2017-02-28,15.211805555555555,29.5625,6.509548611111111,33.158854166666664,517.3611111111111,88.17083333333333,10.35,1013.2944444444444,-12.275694444444442,0.0,2.1145833333333335,2,Winter
